ID,Year_Birth,Education,Marital_Status,Income,Kidhome,Teenhome
5524,1957,Graduation,Single,58138.0,0,0
2174,1954,Graduation,Single,46344.0,1,1
4141,1965,Graduation,Together,71613.0,0,0
6182,1984,Graduation,Together,26646.0,1,0
5324,1981,PhD,Married,58293.0,1,0
7446,1967,Master,Together,62513.0,0,1
965,1971,Graduation,Divorced,55635.0,0,1
6177,1985,PhD,Married,33454.0,1,0
4855,1974,PhD,Together,30351.0,1,0
5899,1950,PhD,Together,5648.0,1,1
1994,1983,Graduation,Married,,1,0
387,1976,Basic,Married,7500.0,0,0
2125,1959,Graduation,Divorced,63033.0,0,0
8180,1952,Master,Divorced,59354.0,1,1
2569,1987,Graduation,Married,17323.0,0,0
2114,1946,PhD,Single,82800.0,0,0
9736,1980,Graduation,Married,41850.0,1,1
4939,1946,Graduation,Together,37760.0,0,0
6565,1949,Master,Married,76995.0,0,1
2278,1985,2n Cycle,Single,33812.0,1,0
9360,1982,Graduation,Married,37040.0,0,0
5376,1979,Graduation,Married,2447.0,1,0
1993,1949,PhD,Married,58607.0,0,1
4047,1954,PhD,Married,65324.0,0,1
1409,1951,Graduation,Together,40689.0,0,1
7892,1969,Graduation,Single,18589.0,0,0
2404,1976,Graduation,Married,53359.0,1,1
5255,1986,Graduation,Single,,1,0
9422,1989,Graduation,Married,38360.0,1,0
1966,1965,PhD,Married,84618.0,0,0
6864,1989,Master,Divorced,10979.0,0,0
3033,1963,Master,Together,38620.0,0,0
5710,1970,Graduation,Together,40548.0,0,1
7373,1952,PhD,Divorced,46610.0,0,2
8755,1946,Master,Married,68657.0,0,0
10738,1951,Master,Single,49389.0,1,1
4339,1970,PhD,Married,67353.0,0,1
10755,1976,2n Cycle,Married,23718.0,1,0
8595,1973,Graduation,Widow,42429.0,0,1
2968,1943,PhD,Divorced,48948.0,0,0
8601,1980,Graduation,Married,80011.0,0,1
503,1985,Master,Married,20559.0,1,0
8430,1957,Graduation,Together,21994.0,0,1
7281,1959,PhD,Single,,0,0
2139,1975,Master,Married,7500.0,1,0
1371,1976,Graduation,Single,79941.0,0,0
9909,1996,2n Cycle,Married,7500.0,0,0
7286,1968,Graduation,Together,41728.0,1,0
7244,1951,Graduation,Single,,2,1
6566,1954,PhD,Married,72550.0,1,1
8614,1957,Graduation,Widow,65486.0,0,1
4114,1964,Master,Married,79143.0,0,0
1331,1977,Graduation,Single,35790.0,1,0
2225,1977,Graduation,Divorced,82582.0,0,0
9381,1978,Graduation,Married,66373.0,1,1
6260,1955,Master,Together,82384.0,0,0
10383,1966,Graduation,Divorced,70287.0,0,0
7437,1988,Graduation,Single,27938.0,1,0
8557,1982,Graduation,Single,,1,0
8375,1968,PhD,Married,55954.0,0,1
6853,1982,Master,Single,75777.0,0,0
3076,1975,Graduation,Together,66653.0,1,1
1012,1952,Graduation,Single,61823.0,0,1
6518,1951,PhD,Widow,67680.0,0,1
4137,1948,Graduation,Together,70666.0,0,0
8082,1971,Graduation,Married,25721.0,1,0
1386,1967,Graduation,Together,32474.0,1,1
9369,1979,2n Cycle,Single,88194.0,0,1
4477,1958,Graduation,Together,69096.0,0,1
1357,1970,Graduation,Together,74854.0,1,2
1402,1954,Master,Married,66991.0,0,0
10629,1973,2n Cycle,Married,,1,0
6312,1959,Graduation,Married,65031.0,0,1
8132,1975,PhD,Married,60631.0,1,1
1050,1952,Graduation,Married,28332.0,0,0
5846,1977,Graduation,Divorced,40246.0,1,0
1859,1972,Master,Married,75251.0,0,0
7503,1976,Graduation,Single,75825.0,0,0
10401,1976,2n Cycle,Together,26326.0,0,0
1618,1965,Graduation,Together,56046.0,0,0
3332,1985,Graduation,Single,29760.0,1,0
2261,1969,Graduation,Married,26304.0,1,0
5346,1973,2n Cycle,Married,23559.0,1,0
4119,1963,Master,Together,38620.0,0,0
535,1987,Graduation,Divorced,81361.0,0,0
5268,1960,Graduation,Married,29440.0,1,1
273,1970,Master,Married,36138.0,1,1
4452,1957,Graduation,Single,50388.0,0,1
8504,1973,Graduation,Married,79593.0,0,0
771,1967,Graduation,Together,54178.0,0,1
8996,1957,PhD,Married,,2,1
9235,1957,Graduation,Single,,1,1
5798,1973,Master,Together,,0,0
11178,1972,Master,Single,42394.0,1,0
2230,1970,PhD,Married,23626.0,1,0
7516,1983,Graduation,Married,30096.0,1,0
7247,1960,Graduation,Widow,47916.0,0,1
11100,1972,Graduation,Divorced,51813.0,1,1
4646,1951,2n Cycle,Married,78497.0,0,0
3037,1983,PhD,Married,50150.0,0,0
1473,1960,2n Cycle,Single,47823.0,0,1
1016,1959,PhD,Single,34554.0,0,1
4518,1979,Graduation,Together,85693.0,0,1
9370,1945,PhD,Married,65846.0,0,0
8908,1959,Graduation,Married,87195.0,0,0
8373,1979,Basic,Together,24594.0,1,0
7533,1964,Graduation,Married,49096.0,1,1
2683,1969,Graduation,Married,52413.0,0,2
3629,1978,Graduation,Single,38557.0,1,0
10991,1960,Master,Married,89058.0,0,0
5077,1979,Graduation,Together,77298.0,0,1
7431,1991,PhD,Single,68126.0,0,0
3267,1963,Master,Together,57288.0,0,1
999,1991,Graduation,Single,86037.0,0,0
9215,1980,PhD,Married,43974.0,1,0
2286,1962,Graduation,Single,50785.0,1,1
1592,1970,Graduation,Married,90765.0,0,0
367,1978,2n Cycle,Married,36550.0,1,0
5234,1967,2n Cycle,Together,30753.0,1,1
9862,1969,Graduation,Together,21918.0,1,0
9805,1953,Master,Together,56129.0,0,1
6205,1967,Master,Single,32557.0,1,0
8442,1985,Master,Married,19510.0,2,0
7386,1976,Graduation,Divorced,30992.0,1,0
7215,1983,Graduation,Single,101970.0,0,0
1491,1965,2n Cycle,Together,71488.0,0,0
11071,1984,Graduation,Single,79607.0,0,0
3381,1953,Master,Married,54348.0,1,1
8268,1961,PhD,Married,,0,1
11051,1956,PhD,Together,77376.0,1,1
8026,1952,Graduation,Married,62998.0,0,1
433,1958,Master,Alone,61331.0,1,1
9597,1969,Graduation,Married,73448.0,0,0
1295,1963,Graduation,Married,,0,1
5290,1964,PhD,Married,41551.0,1,1
1685,1967,PhD,Together,62981.0,0,0
5342,1976,Basic,Divorced,9548.0,1,0
9579,1959,PhD,Married,33762.0,2,1
7660,1973,PhD,Alone,35860.0,1,1
1461,1965,PhD,Divorced,36921.0,1,1
821,1992,Master,Single,92859.0,0,0
11084,1976,Master,Together,65104.0,0,1
8690,1962,Graduation,Married,86111.0,0,0
2937,1974,PhD,Single,68352.0,0,1
9701,1988,Graduation,Together,41883.0,1,0
9949,1976,Graduation,Married,59809.0,0,2
10837,1975,Graduation,Married,23957.0,1,0
3120,1981,Graduation,Together,38547.0,1,0
5885,1973,2n Cycle,Married,35688.0,2,1
4050,1966,Master,Married,49605.0,0,0
3830,1953,Master,Married,59354.0,0,2
7987,1969,Graduation,Married,65747.0,0,1
7798,1972,2n Cycle,Together,46344.0,0,1
92,1988,Graduation,Alone,34176.0,1,0
7055,1952,PhD,Together,61010.0,0,1
10240,1949,Graduation,Together,69372.0,0,0
3025,1958,Graduation,Single,49967.0,0,1
9283,1978,Graduation,Single,60199.0,1,2
9970,1977,Graduation,Together,55375.0,0,1
2730,1955,Graduation,Single,80317.0,0,0
2795,1958,Master,Single,30523.0,2,1
9260,1945,PhD,Married,70356.0,0,0
8182,1984,Graduation,Married,23228.0,1,0
10095,1975,PhD,Divorced,74165.0,0,0
8475,1973,PhD,Married,157243.0,0,1
4370,1966,Graduation,Together,43482.0,2,1
10573,1953,Graduation,Divorced,62551.0,0,0
3712,1959,Graduation,Divorced,52332.0,0,0
6637,1988,Graduation,Single,66951.0,0,0
3152,1957,Graduation,Together,26091.0,1,1
5610,1965,Graduation,Together,33456.0,1,1
6460,1982,Graduation,Married,28718.0,1,0
1349,1970,Graduation,Married,50447.0,2,0
1880,1959,PhD,Together,53537.0,1,1
641,1967,Graduation,Single,52074.0,0,1
8717,1975,PhD,Married,80427.0,0,1
10314,1948,PhD,Married,83837.0,0,0
10854,1970,PhD,Married,38853.0,1,1
10492,1959,Graduation,Together,38285.0,2,1
6935,1951,2n Cycle,Married,78497.0,0,0
7698,1976,PhD,Married,51650.0,0,1
3559,1988,2n Cycle,Married,16248.0,1,0
10562,1946,Master,Married,66835.0,0,0
10796,1984,Master,Married,30477.0,1,0
2563,1961,Basic,Married,28249.0,0,0
3518,1983,Graduation,Married,25271.0,1,0
5823,1970,PhD,Single,32303.0,0,1
3934,1966,Graduation,Married,61286.0,0,1
6982,1976,Graduation,Married,74068.0,0,0
6431,1964,PhD,Married,45759.0,1,1
9733,1978,Basic,Together,24882.0,1,0
5602,1989,PhD,Together,66973.0,0,0
7829,1900,2n Cycle,Divorced,36640.0,1,0
1324,1988,Graduation,Married,38872.0,1,0
326,1973,Graduation,Married,51148.0,1,1
7224,1977,Graduation,Married,31353.0,1,1
6999,1980,Master,Married,69661.0,0,0
9938,1954,Graduation,Married,80067.0,0,0
6422,1954,Graduation,Married,86718.0,0,0
3182,1973,PhD,Single,46854.0,1,1
7300,1952,Graduation,Divorced,69142.0,0,1
10424,1968,Graduation,Single,75922.0,0,0
8727,1978,Graduation,Divorced,63693.0,0,1
2798,1977,PhD,Together,102160.0,0,0
1030,1965,PhD,Single,40637.0,1,1
624,1984,Master,Single,18890.0,0,0
5176,1988,Graduation,Together,29604.0,1,0
5552,1963,Master,Divorced,48721.0,1,1
868,1966,Graduation,Married,44794.0,0,1
380,1954,Graduation,Divorced,64497.0,0,1
2677,1956,Graduation,Together,46097.0,0,1
6521,1954,Graduation,Together,77972.0,0,0
6927,1968,PhD,Married,44377.0,1,1
2877,1974,Master,Together,46014.0,1,1
0,1985,Graduation,Married,70951.0,0,0
1584,1977,Graduation,Married,41443.0,1,0
7264,1978,2n Cycle,Single,52195.0,2,1
6274,1948,Master,Married,83790.0,0,0
1377,1954,Master,Widow,44551.0,0,1
454,1980,Graduation,Together,69508.0,1,0
1755,1988,2n Cycle,Together,45204.0,1,0
2075,1969,Graduation,Married,72460.0,0,0
4785,1970,PhD,Together,77622.0,0,2
9076,1980,PhD,Married,30732.0,1,0
7079,1962,Graduation,Divorced,63887.0,0,1
4653,1978,Graduation,Together,42011.0,1,0
7375,1976,Graduation,Together,51369.0,0,1
709,1952,Graduation,Divorced,51537.0,0,1
460,1972,PhD,Married,79930.0,0,0
3726,1986,PhD,Together,34320.0,1,0
6798,1966,Graduation,Single,37070.0,1,1
5341,1962,2n Cycle,Divorced,81975.0,0,1
1606,1971,Graduation,Together,38590.0,1,0
9617,1951,Graduation,Single,15033.0,0,0
3233,1965,PhD,Married,62745.0,0,1
89,1975,2n Cycle,Married,22212.0,1,0
2936,1982,Master,Together,23661.0,1,0
9449,1958,PhD,Single,79761.0,0,1
7297,1973,Graduation,Single,7500.0,1,0
11004,1893,2n Cycle,Single,60182.0,0,1
313,1968,Graduation,Widow,73455.0,0,0
9940,1958,Graduation,Together,64961.0,0,1
10735,1971,Graduation,Single,22804.0,1,0
9529,1990,Graduation,Married,73687.0,0,0
6439,1958,Graduation,Married,61074.0,0,1
7411,1964,PhD,Married,31686.0,1,1
2176,1972,Graduation,Married,80134.0,1,0
9265,1953,Graduation,Married,75027.0,0,1
8867,1988,PhD,Married,67546.0,0,0
8932,1969,Master,Together,65176.0,0,1
10236,1975,Master,Single,31160.0,1,0
6340,1985,Graduation,Single,29938.0,1,0
10089,1974,Graduation,Divorced,102692.0,0,0
2227,1958,2n Cycle,Together,26490.0,0,0
10992,1967,Graduation,Together,75702.0,1,1
5304,1974,PhD,Single,30899.0,1,0
309,1961,PhD,Together,63342.0,0,1
3406,1964,Graduation,Single,45989.0,0,1
2661,1964,Graduation,Single,18701.0,1,1
3153,1957,PhD,Single,40737.0,2,1
10264,1979,Graduation,Divorced,15287.0,1,0
1184,1968,PhD,Divorced,69674.0,0,2
4200,1970,Master,Married,44159.0,1,0
9396,1978,PhD,Married,37717.0,1,0
2387,1952,Master,Together,43776.0,1,1
6690,1966,Master,Married,38179.0,1,1
1225,1963,Graduation,Married,80124.0,0,0
9703,1970,PhD,Married,38097.0,1,1
291,1970,Graduation,Married,72940.0,0,0
4557,1970,Graduation,Together,22070.0,1,0
2379,1953,Graduation,Single,69267.0,0,0
5726,1983,Master,Single,31788.0,1,0
3066,1975,PhD,Together,61905.0,0,1
6336,1960,Graduation,Married,29315.0,1,1
10967,1963,Graduation,Divorced,33378.0,1,1
2304,1963,PhD,Together,66313.0,0,1
3445,1956,Graduation,Single,60714.0,0,0
7828,1981,Master,Together,77882.0,0,0
3762,1986,PhD,Single,69867.0,0,0
4391,1968,Master,Divorced,63841.0,0,1
4669,1981,Basic,Married,24480.0,1,0
10144,1976,Graduation,Together,51369.0,0,1
8652,1946,Graduation,Together,37760.0,0,0
1672,1974,PhD,Together,65640.0,0,1
8962,1975,Master,Married,44319.0,1,1
9974,1974,Graduation,Married,30631.0,1,0
10983,1952,Graduation,Together,75278.0,0,0
8148,1956,Master,Together,50898.0,1,1
10102,1966,Graduation,Widow,79946.0,0,0
4697,1949,Master,Divorced,35416.0,0,0
9262,1984,2n Cycle,Together,32414.0,0,0
7254,1969,Graduation,Together,38361.0,1,0
4543,1980,Graduation,Married,82497.0,0,0
4927,1971,Graduation,Together,16626.0,2,0
10451,1965,Graduation,Together,29672.0,1,1
2926,1952,Master,Together,55951.0,0,1
2874,1988,2n Cycle,Divorced,35388.0,1,0
9738,1986,Master,Together,42386.0,1,0
7119,1982,Graduation,Single,68627.0,0,0
3924,1965,PhD,Divorced,57912.0,0,1
5827,1958,Graduation,Divorced,35246.0,1,1
5596,1956,2n Cycle,Together,58821.0,0,1
10812,1978,PhD,Married,46377.0,1,0
1717,1988,Graduation,Single,39747.0,1,0
9491,1984,Graduation,Together,23976.0,1,0
9274,1961,Master,Married,80950.0,0,0
6609,1966,Graduation,Widow,27038.0,0,0
6963,1947,Graduation,Single,77457.0,0,0
4440,1964,Master,Married,64100.0,0,1
1379,1992,Master,Together,42670.0,0,0
10032,1976,Graduation,Divorced,12571.0,1,0
2826,1967,Graduation,Married,22574.0,2,1
2437,1989,Graduation,Married,,0,0
6320,1976,Master,Single,70893.0,0,0
3050,1966,Graduation,Married,54198.0,1,1
231,1956,Master,Together,28839.0,1,1
2392,1972,Graduation,Married,40321.0,1,1
9478,1985,Graduation,Single,66503.0,1,0
113,1951,Graduation,Married,30833.0,1,1
2863,1970,Graduation,Single,,1,2
1802,1971,Graduation,Married,64795.0,0,1
520,1974,Graduation,Married,34421.0,1,0
8275,1965,PhD,Divorced,47025.0,1,1
9750,1961,PhD,Divorced,64325.0,0,1
2607,1953,Graduation,Single,40464.0,0,1
7214,1957,Graduation,Married,62187.0,0,0
5835,1976,PhD,Divorced,14849.0,1,0
3896,1984,Graduation,Married,27255.0,1,0
10350,1950,PhD,Married,54432.0,2,1
7786,1986,PhD,Single,29999.0,1,0
2861,1983,Graduation,Single,24072.0,1,0
663,1989,PhD,Single,33996.0,0,0
10675,1956,PhD,Married,66334.0,0,1
2521,1971,Master,Married,35178.0,1,0
9592,1983,Graduation,Together,22010.0,1,0
10151,1960,Graduation,Divorced,62204.0,0,2
7381,1968,Graduation,Divorced,75693.0,0,0
4099,1972,Graduation,Married,30675.0,1,0
9560,1965,Graduation,Together,83003.0,0,0
1150,1899,PhD,Together,83532.0,0,0
10172,1988,Graduation,Single,68655.0,0,0
11191,1986,Graduation,Divorced,41411.0,0,0
9707,1969,PhD,Married,55212.0,0,1
6245,1950,PhD,Together,59292.0,0,1
8234,1973,Basic,Together,27190.0,1,0
1411,1952,Graduation,Divorced,82623.0,0,0
8553,1965,Graduation,Married,44300.0,1,1
1826,1970,Graduation,Divorced,84835.0,0,0
8842,1971,Graduation,Widow,30372.0,1,1
11030,1976,Master,Married,33181.0,1,0
2579,1957,Graduation,Married,71113.0,0,1
175,1986,Graduation,Married,71952.0,1,0
9185,1966,PhD,Single,69759.0,0,0
11056,1974,Graduation,Married,72099.0,0,0
9365,1976,PhD,Single,60000.0,0,1
6201,1978,Graduation,Single,38643.0,1,1
2061,1955,Graduation,Married,50737.0,0,1
6184,1969,PhD,Married,68462.0,0,0
6142,1943,Master,Married,65073.0,0,0
4107,1948,PhD,Together,46681.0,0,2
7274,1957,Graduation,Married,78618.0,0,0
9336,1969,PhD,Widow,62187.0,0,1
2958,1978,Graduation,Married,28442.0,2,0
933,1978,PhD,Married,37717.0,1,0
5837,1967,Graduation,Married,51479.0,1,1
10704,1969,Graduation,Single,54803.0,0,1
5125,1960,Graduation,Married,79530.0,0,0
4432,1976,Graduation,Divorced,31615.0,1,0
5955,1962,Graduation,Together,72025.0,0,0
2928,1975,PhD,Single,52614.0,0,1
5680,1984,2n Cycle,Married,35684.0,1,0
10313,1975,Graduation,Married,48178.0,1,1
2557,1970,Master,Single,29548.0,1,0
1245,1966,Graduation,Single,63810.0,0,1
1519,1972,PhD,Single,38578.0,1,1
10703,1975,Master,Single,46098.0,1,1
1726,1970,Graduation,Single,22585.0,0,0
4459,1989,Graduation,Single,30279.0,1,0
1729,1961,PhD,Together,66426.0,0,1
1517,1969,Graduation,Single,30822.0,1,0
2098,1969,PhD,Married,33581.0,2,0
9543,1985,Graduation,Married,19986.0,1,0
6878,1954,Graduation,Widow,27421.0,0,0
3310,1973,2n Cycle,Married,35688.0,2,1
2724,1981,Master,Single,36143.0,1,0
948,1971,Graduation,Single,10245.0,1,0
6720,1968,Master,Together,43795.0,0,1
6202,1960,Graduation,Together,63381.0,0,1
2066,1949,Graduation,Together,38823.0,0,1
9799,1968,PhD,Divorced,83664.0,1,1
8318,1979,Graduation,Together,90300.0,0,0
5642,1979,Master,Together,62499.0,1,0
2669,1993,Graduation,Single,74293.0,0,0
455,1946,PhD,Married,51012.0,0,0
7683,1968,Master,Married,70777.0,0,1
3428,1991,PhD,Together,68682.0,0,0
7414,1971,Graduation,Married,43824.0,1,1
6354,1984,Graduation,Together,15345.0,1,0
798,1987,Graduation,Single,23442.0,1,0
8213,1980,2n Cycle,Together,14515.0,1,0
2488,1956,2n Cycle,Divorced,31395.0,1,1
9999,1965,Graduation,Together,75276.0,0,0
7617,1974,Graduation,Single,42373.0,1,1
615,1960,Graduation,Together,30507.0,0,0
2552,1955,PhD,Single,55521.0,1,2
194,1965,Graduation,Married,48006.0,1,1
3645,1972,PhD,Single,27213.0,1,0
8890,1971,PhD,Divorced,65808.0,1,1
5049,1974,PhD,Together,30351.0,1,0
9973,1963,Graduation,Married,50437.0,0,2
7301,1982,2n Cycle,Single,23616.0,1,0
10882,1976,Graduation,Married,53858.0,0,1
7030,1955,PhD,Married,66465.0,0,1
7422,1987,Graduation,Single,46923.0,1,0
3523,1962,Graduation,Together,75072.0,0,1
7106,1943,PhD,Married,75865.0,0,0
6504,1975,2n Cycle,Together,19789.0,1,0
5067,1994,Graduation,Together,80134.0,0,0
4216,1981,Graduation,Single,91065.0,0,0
8581,1971,Master,Married,49505.0,1,1
5929,1973,PhD,Married,37401.0,1,0
3129,1983,Graduation,Married,30096.0,1,0
6528,1982,Master,Together,18492.0,1,0
1361,1974,Master,Married,82584.0,0,0
6932,1941,PhD,Married,93027.0,0,0
7284,1953,Graduation,Married,48686.0,1,2
1340,1986,Graduation,Married,92910.0,0,0
8746,1989,Graduation,Married,75433.0,1,0
5987,1989,2n Cycle,Together,10404.0,1,0
3767,1968,Graduation,Married,61314.0,0,1
3725,1961,PhD,Single,84865.0,0,0
4324,1989,Graduation,Married,42387.0,1,0
238,1967,2n Cycle,Together,67309.0,1,1
6694,1964,Graduation,Married,75236.0,0,1
498,1970,Graduation,Single,30015.0,1,0
9347,1956,Master,Together,50943.0,0,1
9699,1966,Graduation,Divorced,67272.0,0,1
10664,1949,Master,Widow,51529.0,0,1
5455,1971,PhD,Married,32011.0,1,0
456,1986,2n Cycle,Married,7500.0,1,0
5012,1989,Graduation,Married,28691.0,1,0
7495,1948,PhD,Married,56223.0,0,1
5029,1946,Graduation,Married,18100.0,0,0
10642,1989,Graduation,Single,30279.0,1,0
2106,1974,2n Cycle,Married,20130.0,0,0
10364,1959,Graduation,Divorced,23295.0,0,0
5954,1972,Master,Divorced,42618.0,1,0
1137,1964,Graduation,Single,81246.0,0,0
2541,1976,Graduation,Married,24027.0,1,0
1142,1953,PhD,Married,55707.0,0,1
2276,1955,Graduation,Single,57959.0,0,1
2807,1969,Graduation,Married,56796.0,0,1
6471,1971,Master,Single,36230.0,1,0
6131,1980,2n Cycle,Married,70829.0,1,1
6233,1976,Graduation,Married,65991.0,0,1
4148,1972,Graduation,Married,38988.0,1,2
4947,1966,2n Cycle,Single,89572.0,0,0
3225,1984,Master,Married,42207.0,1,0
7540,1952,Graduation,Married,50300.0,0,1
10648,1982,2n Cycle,Together,66664.0,0,0
1992,1964,Graduation,Married,60597.0,0,1
7851,1949,Graduation,Widow,70165.0,0,0
8594,1958,PhD,Widow,50520.0,0,1
7059,1963,Graduation,Married,80124.0,0,0
2815,1975,Graduation,Married,33183.0,1,0
2416,1969,PhD,Single,66582.0,0,0
7999,1955,PhD,Together,75261.0,0,0
9213,1970,Graduation,Widow,31880.0,1,0
9697,1951,Graduation,Married,53790.0,0,2
3916,1971,PhD,Together,49269.0,1,0
2021,1975,Graduation,Married,61456.0,0,1
1581,1980,Graduation,Married,37406.0,1,0
564,1981,PhD,Together,56937.0,1,0
6619,1978,Graduation,Married,38415.0,1,1
9081,1988,Graduation,Single,20518.0,1,0
178,1956,Graduation,Married,62503.0,0,1
916,1972,PhD,Single,41644.0,1,1
5512,1977,Master,Married,55842.0,0,1
8970,1972,PhD,Married,62010.0,0,1
10581,1977,Graduation,Married,41124.0,1,0
5300,1973,Master,Married,38961.0,1,0
5154,1972,Master,Divorced,37760.0,1,0
8346,1974,Graduation,Single,32233.0,1,0
1676,1975,Graduation,Married,43057.0,0,1
9286,1960,Master,Together,83151.0,0,0
2426,1964,PhD,Divorced,78825.0,0,0
5172,1976,Master,Together,65104.0,0,1
5562,1974,Graduation,Married,60093.0,0,1
3436,1969,Graduation,Married,14045.0,1,0
3921,1952,2n Cycle,Widow,28457.0,0,0
3403,1958,PhD,Together,78952.0,0,1
22,1976,Graduation,Divorced,46310.0,1,0
10965,1955,Graduation,Together,76005.0,0,0
9426,1964,Master,Single,58308.0,0,1
6605,1944,PhD,Divorced,55614.0,0,0
3136,1962,Master,Divorced,59432.0,0,1
8737,1978,Graduation,Divorced,55563.0,0,1
11088,1971,PhD,Together,78642.0,0,1
716,1949,PhD,Together,67911.0,0,1
466,1944,Graduation,Married,65275.0,0,0
9135,1950,Graduation,Together,27203.0,1,1
10623,1961,Master,Together,48330.0,0,1
8151,1990,Basic,Married,24279.0,0,0
5140,1985,PhD,Married,64355.0,1,0
10160,1956,Master,Together,50943.0,0,1
4945,1953,Graduation,Widow,53653.0,0,0
10584,1976,Graduation,Married,65665.0,0,1
6071,1989,Graduation,Single,81217.0,0,0
3386,1992,Graduation,Married,34935.0,0,0
8939,1959,Graduation,Divorced,61250.0,0,1
9925,1981,PhD,Together,39665.0,1,0
4320,1979,Graduation,Single,60152.0,0,1
5389,1964,Graduation,Married,48920.0,0,2
6036,1959,Master,Together,89120.0,0,0
182,1946,PhD,Together,44124.0,0,1
203,1975,Master,Single,81169.0,0,0
11025,1961,Graduation,Married,36443.0,1,1
10203,1990,Graduation,Single,26095.0,1,0
4607,1959,Graduation,Together,71367.0,0,0
3711,1944,Master,Married,80184.0,0,0
3696,1965,Graduation,Divorced,30630.0,1,1
2532,1987,Master,Single,73454.0,0,0
9214,1991,Graduation,Married,42691.0,0,0
4943,1953,Graduation,Married,70503.0,0,0
35,1987,Graduation,Married,25545.0,1,0
2258,1986,Graduation,Married,32880.0,1,0
4322,1958,PhD,Together,77863.0,0,0
713,1977,Master,Married,50353.0,0,0
4702,1964,Graduation,Single,61839.0,0,0
3281,1960,PhD,Married,49154.0,1,1
702,1975,2n Cycle,Widow,47682.0,0,1
2004,1969,Graduation,Single,72679.0,0,1
4769,1977,Master,Together,57954.0,1,1
4437,1962,Graduation,Married,65316.0,1,1
8724,1982,Graduation,Single,28567.0,1,0
10741,1951,Master,Together,47352.0,0,1
1991,1967,Graduation,Together,44931.0,0,1
6931,1967,Graduation,Divorced,76982.0,0,0
11096,1952,2n Cycle,Together,57247.0,0,1
304,1981,Master,Single,22944.0,1,0
3665,1977,2n Cycle,Together,25315.0,1,0
10591,1969,Graduation,Widow,43638.0,0,1
5036,1984,PhD,Single,42710.0,1,0
5547,1982,PhD,Married,84169.0,0,0
7822,1976,Graduation,Together,54058.0,0,1
8541,1990,2n Cycle,Married,24683.0,1,0
10955,1964,Graduation,Widow,85620.0,0,0
4368,1980,Graduation,Married,47850.0,1,0
9671,1968,Graduation,Married,19514.0,1,1
2256,1973,Master,Married,27159.0,1,1
4279,1963,2n Cycle,Single,39548.0,1,1
5371,1989,Graduation,Single,21474.0,1,0
9240,1971,PhD,Single,60504.0,0,1
9460,1963,Graduation,Married,22419.0,0,0
9504,1949,Master,Married,81698.0,0,0
8692,1952,Graduation,Together,43462.0,1,1
448,1978,PhD,Single,54880.0,1,0
8314,1982,Graduation,Married,79908.0,0,0
8420,1970,2n Cycle,Married,15315.0,0,0
3174,1959,Graduation,Together,87771.0,0,1
7685,1978,Graduation,Married,33039.0,1,0
3179,1980,Graduation,Single,81741.0,0,0
9780,1971,Master,Together,71499.0,0,1
10681,1970,2n Cycle,Married,62466.0,0,1
10232,1963,PhD,Divorced,48799.0,0,1
4184,1950,PhD,Together,52157.0,0,1
9120,1962,Graduation,Single,66565.0,0,1
891,1951,Master,Together,29298.0,1,1
10381,1979,Graduation,Single,47691.0,0,1
3525,1970,Graduation,Together,38200.0,1,1
6818,1974,Graduation,Married,44989.0,0,1
3526,1968,PhD,Married,38443.0,1,1
8181,1978,2n Cycle,Single,38593.0,1,0
1029,1970,PhD,Together,64413.0,0,1
7369,1981,Master,Married,36959.0,1,0
2574,1977,PhD,Married,61996.0,0,1
8159,1968,Graduation,Married,51287.0,1,1
1160,1970,Graduation,Married,13260.0,1,1
10242,1966,PhD,Together,47472.0,1,1
5253,1956,Master,Together,54603.0,1,1
5966,1974,PhD,Married,45207.0,1,1
5314,1951,Graduation,Together,40689.0,0,1
5081,1967,2n Cycle,Together,47821.0,1,1
5123,1951,Master,Married,27450.0,0,0
5756,1983,Graduation,Together,39453.0,1,0
8036,1971,2n Cycle,Together,26850.0,1,1
9058,1955,Graduation,Widow,79800.0,0,0
5057,1961,Master,Married,61794.0,0,1
254,1955,Graduation,Together,53863.0,0,1
4179,1959,Graduation,Together,24221.0,0,0
3710,1984,PhD,Single,39684.0,1,0
7627,1975,Master,Married,92163.0,0,0
4501,1965,Master,Single,69882.0,0,0
6424,1977,Graduation,Together,33178.0,1,0
3075,1972,PhD,Married,59973.0,0,0
4992,1975,Master,Together,17459.0,1,0
5252,1969,Graduation,Divorced,23910.0,1,0
7444,1969,Master,Married,42169.0,1,1
6919,1978,2n Cycle,Married,26224.0,1,0
3537,1981,Graduation,Together,31089.0,1,0
10277,1961,Graduation,Single,30081.0,0,1
2453,1960,Graduation,Together,62807.0,0,1
7972,1955,Graduation,Single,72906.0,0,0
895,1948,PhD,Married,61467.0,0,2
1177,1966,Master,Together,49618.0,1,1
7141,1986,Master,Single,21888.0,1,0
7232,1973,Graduation,Widow,42429.0,0,1
8477,1956,Graduation,Divorced,26150.0,2,1
2457,1975,Basic,Married,30801.0,0,1
988,1965,Graduation,Married,81168.0,0,0
7930,1969,Master,Single,26877.0,0,0
4587,1944,Master,Widow,45006.0,0,0
6682,1973,Basic,Married,18978.0,1,0
6222,1967,Graduation,Married,22574.0,2,1
10299,1969,PhD,Single,48240.0,0,0
3083,1974,Graduation,Married,45837.0,1,1
8953,1965,Master,Single,35791.0,2,1
1503,1976,PhD,Together,162397.0,1,1
8650,1978,Graduation,Widow,54162.0,1,1
10862,1960,Master,Married,30522.0,0,1
2782,1961,PhD,Married,54456.0,0,1
6941,1971,Graduation,Single,31632.0,0,0
10972,1949,Graduation,Widow,72298.0,0,0
10708,1978,2n Cycle,Single,36975.0,1,0
6583,1955,2n Cycle,Married,72635.0,0,0
3641,1976,Graduation,Married,13624.0,1,0
10156,1975,Graduation,Single,84196.0,0,1
4299,1960,Graduation,Together,70971.0,0,1
3469,1977,PhD,Divorced,34487.0,1,1
5063,1977,Graduation,Single,28769.0,1,0
10727,1970,PhD,Married,69084.0,1,0
9624,1958,PhD,Together,65488.0,0,0
5156,1970,2n Cycle,Married,62466.0,0,1
4376,1960,2n Cycle,Single,32218.0,0,0
8923,1973,Graduation,Single,83917.0,0,0
8461,1962,Graduation,Divorced,46102.0,2,1
6945,1952,Graduation,Single,84574.0,0,0
944,1962,Graduation,Married,56181.0,0,1
1907,1950,Master,Divorced,63120.0,0,1
701,1971,Graduation,Married,73691.0,0,1
3856,1960,Graduation,Together,63381.0,0,1
4149,1948,PhD,Together,76140.0,0,0
2131,1959,PhD,Divorced,62859.0,0,1
2942,1964,Graduation,Single,45906.0,0,1
1173,1947,Master,Together,77632.0,0,0
4381,1971,PhD,Married,46463.0,1,1
4611,1970,Graduation,Together,105471.0,0,0
3376,1970,Master,Divorced,55282.0,1,0
4679,1977,Master,Married,78710.0,0,1
10928,1958,Graduation,Together,66886.0,0,1
4248,1960,Master,Single,98777.0,0,0
6728,1985,Graduation,Together,29103.0,1,0
6661,1974,Graduation,Married,67445.0,0,1
4725,1950,PhD,Together,50616.0,0,1
3277,1955,Graduation,Divorced,49431.0,0,1
5555,1975,Graduation,Divorced,153924.0,0,0
2564,1953,Graduation,Together,61278.0,0,1
946,1958,2n Cycle,Together,26490.0,0,0
3867,1947,PhD,Together,73059.0,0,1
6940,1966,PhD,Single,46734.0,1,2
55,1963,Graduation,Together,56253.0,0,1
7093,1985,Graduation,Married,19986.0,1,0
5084,1975,Graduation,Widow,58330.0,0,1
1777,1980,Basic,Married,25965.0,0,0
8162,1956,Master,Together,14661.0,0,0
10826,1959,Graduation,Married,18690.0,0,0
8754,1974,PhD,Together,45068.0,0,1
1987,1987,Basic,Single,21063.0,1,0
11007,1968,PhD,Married,29187.0,1,0
7426,1971,2n Cycle,Married,54690.0,1,1
9153,1964,PhD,Married,59304.0,0,1
10379,1962,Master,Single,59247.0,0,2
9204,1970,Graduation,Widow,66731.0,0,1
3197,1980,Graduation,Married,77353.0,0,1
2920,1975,PhD,Single,52614.0,0,1
6961,1974,Graduation,Married,26751.0,2,0
4673,1963,PhD,Married,81300.0,0,1
9937,1979,Graduation,Single,70337.0,0,0
8779,1985,2n Cycle,Married,36145.0,1,0
9596,1980,PhD,Single,65295.0,0,0
2891,1963,Graduation,Divorced,68118.0,0,1
4910,1967,Graduation,Divorced,68743.0,0,0
75,1982,2n Cycle,Together,41039.0,0,0
10120,1955,Graduation,Together,38946.0,0,1
6327,1967,Graduation,Together,65777.0,0,0
10142,1976,PhD,Divorced,66476.0,0,1
9826,1972,PhD,Single,86857.0,0,0
1501,1982,PhD,Married,160803.0,0,0
10767,1989,PhD,Together,77845.0,0,0
7279,1969,PhD,Together,69476.0,0,0
7230,1960,PhD,Divorced,50611.0,0,1
143,1970,Graduation,Single,61209.0,0,0
450,1958,Master,Together,42315.0,0,1
9316,1952,Basic,Together,13084.0,0,0
6379,1949,Master,Widow,47570.0,1,1
9239,1961,Master,Married,61923.0,0,2
8315,1995,Graduation,Single,34824.0,0,0
2868,1949,PhD,Single,26518.0,1,1
10888,1961,Graduation,Single,45938.0,0,0
1277,1960,Graduation,Together,78468.0,0,0
9977,1973,Graduation,Divorced,78901.0,0,1
10196,1978,Graduation,Married,71427.0,2,0
6384,1978,Graduation,Divorced,71022.0,0,1
8029,1988,Master,Single,90247.0,0,0
968,1968,Master,Divorced,41335.0,1,0
6988,1986,Graduation,Married,71952.0,1,0
4472,1970,PhD,Divorced,35682.0,1,0
6991,1951,Graduation,Divorced,43185.0,0,1
3336,1948,PhD,Together,66375.0,0,1
4301,1971,Master,Married,35178.0,1,0
1940,1986,Graduation,Married,25252.0,1,0
1272,1965,Master,Single,55250.0,0,1
1388,1975,Graduation,Single,33249.0,1,0
1044,1953,Graduation,Together,58398.0,0,0
6969,1982,Graduation,Together,50272.0,1,0
10479,1975,PhD,Married,76618.0,0,0
3619,1960,2n Cycle,Divorced,87305.0,0,0
1715,1978,Graduation,Together,25851.0,1,0
10159,1970,Graduation,Divorced,58710.0,0,1
1463,1958,Graduation,Single,45160.0,1,1
5114,1965,Master,Married,74806.0,0,1
4990,1954,Graduation,Married,59111.0,0,0
4329,1984,PhD,Married,18988.0,1,0
10936,1965,Graduation,Married,72190.0,0,0
4692,1976,Graduation,Married,7500.0,1,0
7212,1966,Graduation,Married,44794.0,0,1
6086,1955,Graduation,Married,80395.0,0,0
437,1976,Master,Divorced,75012.0,0,0
11171,1965,Master,Married,56962.0,2,1
11101,1991,Graduation,Together,89891.0,0,0
5329,1949,PhD,Divorced,35946.0,1,1
610,1953,PhD,Together,53593.0,1,1
9384,1978,Graduation,Married,66373.0,1,1
5956,1948,PhD,Divorced,45072.0,1,2
10430,1973,Graduation,Divorced,89694.0,1,1
7875,1949,Graduation,Married,72025.0,0,0
7072,1973,Graduation,Married,67432.0,0,1
6255,1952,Master,Together,70545.0,0,1
6516,1989,Basic,Married,17487.0,1,0
5564,1969,Graduation,Together,62882.0,0,1
5682,1953,PhD,Single,64108.0,0,1
7458,1956,Master,Together,34941.0,1,1
5237,1950,PhD,Single,48767.0,1,2
7761,1978,2n Cycle,Together,38702.0,1,0
5278,1964,Graduation,Married,82224.0,0,0
3560,1952,Graduation,Together,83844.0,0,0
7235,1975,2n Cycle,Married,17003.0,1,0
10548,1995,Graduation,Single,71163.0,0,0
2281,1970,Graduation,Single,33697.0,1,0
4073,1954,2n Cycle,Married,63564.0,0,0
6974,1972,PhD,Together,83443.0,0,0
7938,1958,PhD,Together,51518.0,0,1
7094,1975,Graduation,Widow,58330.0,0,1
3667,1969,Graduation,Married,80952.0,0,0
7723,1979,Graduation,Together,75507.0,0,0
3870,1978,2n Cycle,Together,63855.0,0,0
4012,1972,PhD,Together,62220.0,0,1
5909,1964,Graduation,Married,58512.0,0,1
10470,1979,Master,Married,40662.0,1,0
6488,1959,PhD,Married,38829.0,0,1
10270,1981,2n Cycle,Married,35523.0,1,0
6887,1967,Graduation,Single,79146.0,1,1
6406,1988,Master,Married,78285.0,0,0
7573,1978,PhD,Single,31626.0,1,0
4508,1952,Graduation,Single,75127.0,0,0
221,1955,Graduation,Married,48726.0,0,1
5331,1977,Graduation,Married,74985.0,0,0
1911,1987,Graduation,Together,67430.0,0,0
20,1965,2n Cycle,Married,46891.0,0,1
8786,1956,Master,Married,62058.0,0,1
10582,1979,Graduation,Married,72063.0,0,1
1915,1951,PhD,Married,78939.0,0,0
8897,1965,Graduation,Single,42720.0,1,1
2371,1972,Graduation,Married,33622.0,1,1
4303,1957,PhD,Together,6835.0,0,1
6825,1953,Graduation,Together,41452.0,1,1
1072,1965,PhD,Single,40760.0,0,1
4964,1958,PhD,Together,74250.0,0,0
2461,1955,Master,Single,51124.0,1,1
10736,1971,Graduation,Single,72258.0,0,1
3194,1974,PhD,Single,71466.0,0,0
10839,1976,Graduation,Together,36283.0,1,1
49,1970,Graduation,Single,20587.0,1,0
4290,1972,Graduation,Married,30467.0,1,0
10219,1972,Graduation,Together,31590.0,1,0
4211,1986,Basic,Married,20425.0,1,0
1135,1960,Master,Together,17144.0,1,1
6299,1968,PhD,Divorced,42564.0,0,1
10846,1978,Master,Married,43783.0,1,0
347,1976,Graduation,Divorced,40780.0,0,1
6543,1945,Master,Together,62847.0,0,0
10446,1957,PhD,Married,82017.0,0,0
3479,1950,Graduation,Single,16813.0,0,0
11075,1978,Graduation,Married,51267.0,1,1
4442,1961,Graduation,Single,46524.0,0,1
199,1962,Master,Single,45183.0,0,0
6722,1954,PhD,Married,70421.0,0,1
796,1965,2n Cycle,Divorced,60161.0,0,1
3749,1973,Graduation,Together,73926.0,0,0
8523,1968,Graduation,Married,19329.0,1,0
310,1970,Master,Married,61872.0,0,1
8629,1956,Graduation,Widow,46984.0,1,1
236,1951,Graduation,Married,34838.0,1,1
9930,1944,PhD,Single,82716.0,0,0
3483,1958,Graduation,Married,48192.0,0,0
4599,1976,Master,Married,49681.0,0,2
7326,1971,Master,Married,56850.0,0,1
7352,1957,Graduation,Married,55267.0,0,1
2350,1972,Graduation,Married,59666.0,1,1
9145,1972,Graduation,Single,72504.0,0,1
2964,1981,Graduation,Married,26872.0,0,0
5585,1972,Graduation,Single,21359.0,1,0
9687,1975,Graduation,Single,73170.0,0,0
3732,1955,Master,Married,52750.0,0,1
6303,1986,PhD,Together,91820.0,0,0
11176,1970,PhD,Together,65968.0,0,1
2986,1976,Graduation,Married,30772.0,1,1
7462,1954,Graduation,Single,22507.0,0,0
3900,1972,Graduation,Married,65685.0,0,1
7034,1978,2n Cycle,Married,25804.0,1,0
9493,1980,PhD,Single,76412.0,0,0
1143,1972,Graduation,Married,22063.0,1,0
1,1961,Graduation,Single,57091.0,0,0
3855,1963,Graduation,Married,22419.0,0,0
5536,1959,Graduation,Together,87771.0,0,1
5989,1959,2n Cycle,Divorced,78353.0,0,1
9499,1954,Graduation,Married,93404.0,1,2
6768,1962,Graduation,Divorced,37859.0,1,2
2150,1958,PhD,Widow,80995.0,0,1
6646,1984,Graduation,Together,16529.0,1,0
4887,1976,PhD,Divorced,55412.0,1,1
8560,1992,Graduation,Single,48789.0,0,0
3321,1967,PhD,Together,56575.0,0,2
11003,1980,2n Cycle,Together,25130.0,1,0
10402,1967,Graduation,Married,35441.0,1,1
9904,1956,Graduation,Married,71391.0,0,1
6141,1972,Master,Single,49494.0,1,0
5687,1980,Graduation,Divorced,81702.0,0,0
10856,1980,2n Cycle,Single,45889.0,0,1
5121,1977,Graduation,Single,56628.0,0,1
4186,1950,Graduation,Together,34026.0,1,1
368,1974,Graduation,Married,40049.0,0,1
3312,1988,Graduation,Single,34176.0,1,0
11121,1981,Graduation,Married,19419.0,1,0
5332,1960,2n Cycle,Married,82504.0,0,0
5848,1970,Graduation,Together,81205.0,0,0
10343,1991,2n Cycle,Single,61618.0,0,0
5935,1956,Master,Single,55284.0,0,1
2895,1963,Graduation,Single,49980.0,0,1
10262,1980,Graduation,Married,15072.0,2,0
7848,1974,Graduation,Single,49166.0,0,1
9477,1954,PhD,Married,65324.0,0,1
4856,1957,2n Cycle,Married,82347.0,0,0
7186,1966,PhD,Together,30843.0,1,1
5794,1974,PhD,Married,46374.0,0,1
1456,1979,Graduation,Single,60474.0,0,1
4877,1973,Master,Married,38576.0,0,1
425,1985,Graduation,Married,55357.0,2,0
3007,1966,Graduation,Together,37758.0,1,1
1031,1989,2n Cycle,Married,85710.0,0,0
4297,1969,Graduation,Together,23228.0,1,0
807,1969,Master,Together,44602.0,1,1
9553,1987,Graduation,Married,7500.0,0,0
4271,1989,2n Cycle,Together,38683.0,1,0
4120,1975,2n Cycle,Single,49514.0,1,0
2036,1973,PhD,Together,57906.0,0,1
115,1966,Master,Single,43456.0,0,1
4259,1986,Master,Single,19485.0,2,0
8687,1978,Graduation,Together,53172.0,0,1
2447,1979,Graduation,Together,30545.0,1,0
10140,1983,PhD,Together,70123.0,0,0
9353,1959,Graduation,Single,62450.0,0,1
3623,1976,Graduation,Together,21675.0,1,0
738,1981,2n Cycle,Single,42395.0,1,1
7631,1978,Master,Together,61346.0,1,0
4789,1953,Graduation,Together,80812.0,0,0
773,1971,Master,Divorced,42835.0,1,1
10602,1983,Graduation,Married,39922.0,1,0
1446,1956,Master,Single,86424.0,0,0
3270,1978,2n Cycle,Together,17117.0,1,0
8443,1972,Graduation,Single,24762.0,1,0
9653,1975,Graduation,Married,35797.0,0,1
8916,1975,Graduation,Divorced,36627.0,2,0
8017,1981,2n Cycle,Married,51111.0,1,1
5830,1972,PhD,Single,86857.0,0,0
4597,1970,PhD,Together,82072.0,0,0
7023,1953,PhD,Single,46231.0,2,1
8086,1959,Graduation,Married,42243.0,1,1
8825,1962,Graduation,Together,51195.0,1,1
2930,1978,Master,Single,68092.0,0,0
1928,1973,Graduation,Married,31814.0,1,0
7108,1965,Master,Widow,51390.0,1,1
10925,1983,Graduation,Married,76630.0,0,0
9960,1991,Basic,Single,26868.0,1,0
8800,1943,PhD,Divorced,48948.0,0,0
9224,1972,PhD,Single,55260.0,0,1
5519,1956,Graduation,Together,64090.0,0,1
5046,1958,Graduation,Divorced,78331.0,0,1
7037,1974,PhD,Married,37087.0,1,0
905,1986,Graduation,Divorced,21846.0,1,0
8624,1958,Graduation,Married,81320.0,0,0
8945,1970,Graduation,Divorced,54137.0,0,1
6445,1967,Graduation,Together,66825.0,0,0
2727,1973,Graduation,Together,57100.0,0,0
6404,1969,Graduation,Together,58917.0,1,2
11074,1977,Graduation,Single,85072.0,0,0
10150,1961,Graduation,Single,86429.0,0,0
1968,1971,Graduation,Widow,45684.0,1,0
6534,1974,Graduation,Together,47889.0,1,0
9485,1986,PhD,Married,45921.0,0,0
7053,1966,PhD,Single,78420.0,0,0
4654,1992,Graduation,Together,75114.0,0,0
9760,1963,PhD,Widow,52278.0,0,1
1048,1972,Master,Married,35641.0,1,0
10619,1994,Graduation,Single,95529.0,0,0
9308,1954,Graduation,Married,62820.0,0,0
10505,1960,Master,Together,73113.0,0,0
8362,1982,PhD,Married,84169.0,0,0
2625,1954,2n Cycle,Single,42607.0,0,1
4637,1954,PhD,Single,74637.0,0,0
9972,1955,PhD,Together,46015.0,1,1
4483,1993,Graduation,Single,72354.0,0,0
4487,1969,Master,Single,39858.0,1,0
4988,1948,PhD,Married,34469.0,1,1
8931,1986,Graduation,Together,83033.0,1,0
5871,1979,Master,Together,24401.0,0,0
2008,1978,Graduation,Married,77583.0,0,0
3139,1982,2n Cycle,Single,74116.0,0,0
10037,1993,Graduation,Single,74293.0,0,0
10673,1976,PhD,Married,68397.0,0,1
5303,1974,PhD,Together,79632.0,0,0
538,1989,Graduation,Single,46107.0,1,0
7922,1951,PhD,Single,64950.0,0,1
5692,1989,Basic,Married,25443.0,1,0
4843,1952,Graduation,Single,75127.0,0,0
6383,1971,PhD,Together,32892.0,1,0
1628,1971,Graduation,Together,71796.0,0,0
1204,1970,PhD,Married,67536.0,0,1
3673,1971,Graduation,Single,55239.0,0,1
760,1975,PhD,Divorced,60554.0,1,0
8957,1952,2n Cycle,Single,64831.0,1,1
4128,1962,PhD,Together,56067.0,0,1
6810,1983,Graduation,Divorced,82025.0,0,0
5386,1953,Graduation,Together,94384.0,0,0
8700,1986,Basic,Single,14906.0,0,0
3202,1987,PhD,Married,51563.0,0,0
1328,1982,2n Cycle,Married,57937.0,0,1
8405,1979,Graduation,Divorced,68274.0,1,1
6515,1977,Graduation,Together,39771.0,1,0
2882,1975,2n Cycle,Divorced,67893.0,0,1
7574,1979,PhD,Together,27922.0,1,0
6387,1976,PhD,Together,52190.0,1,1
5320,1973,Master,Divorced,44051.0,1,1
5048,1971,PhD,Single,42767.0,2,0
8146,1976,Master,Together,46106.0,1,1
10031,1976,PhD,Married,16927.0,1,1
5748,1965,Graduation,Married,59754.0,0,1
2134,1952,Graduation,Single,53700.0,0,1
1523,1973,Graduation,Married,59041.0,1,1
9665,1957,PhD,Divorced,54237.0,0,1
4640,1967,Graduation,Divorced,70647.0,0,1
3635,1962,PhD,Single,52597.0,0,1
3547,1969,Master,Together,41021.0,1,0
2456,1975,PhD,Married,40233.0,0,1
5633,1980,Graduation,Married,50183.0,1,1
7801,1959,Graduation,Together,54753.0,0,1
10489,1973,Graduation,Married,92955.0,0,0
7011,1973,Graduation,Married,33471.0,1,0
2620,1974,PhD,Married,34596.0,1,0
3933,1980,Graduation,Together,44010.0,1,0
10981,1988,Graduation,Married,84219.0,0,0
1734,1968,PhD,Together,40706.0,2,1
10995,1988,2n Cycle,Married,15716.0,1,0
6357,1959,2n Cycle,Divorced,59052.0,0,1
9209,1971,Master,Together,80573.0,0,0
10286,1962,Graduation,Married,83715.0,0,0
2611,1959,Master,Together,82576.0,0,0
1600,1965,Master,Married,56962.0,2,1
3308,1952,Graduation,Married,35704.0,1,1
5407,1954,Graduation,Together,53103.0,0,1
2166,1960,2n Cycle,Widow,46779.0,1,1
3955,1965,Graduation,Divorced,4861.0,0,0
6634,1979,Master,Divorced,33462.0,1,0
3056,1978,Graduation,Divorced,63693.0,0,1
5718,1950,Graduation,Married,80763.0,0,0
6872,1974,PhD,Married,65352.0,0,1
8164,1978,PhD,Married,82170.0,0,0
4580,1969,Graduation,Married,75759.0,0,0
9305,1976,2n Cycle,Single,79689.0,0,0
453,1956,PhD,Widow,35340.0,1,1
8545,1954,Graduation,Divorced,85683.0,0,0
9850,1972,2n Cycle,Married,24884.0,1,0
7378,1981,Master,Together,42021.0,1,0
7646,1989,Graduation,Single,64449.0,1,0
1640,1954,Graduation,Divorced,64587.0,1,1
5184,1995,Graduation,Single,34824.0,0,0
8492,1978,Graduation,Together,75437.0,0,0
11188,1957,Graduation,Together,26091.0,1,1
1212,1973,Graduation,Married,52845.0,1,0
9097,1956,Graduation,Divorced,46086.0,0,1
10473,1956,PhD,Widow,78028.0,0,1
7962,1987,PhD,Single,95169.0,0,0
9984,1981,2n Cycle,Married,56337.0,1,1
5527,1987,Graduation,Together,22434.0,1,0
6374,1954,PhD,Married,36930.0,0,1
7453,1954,Graduation,Single,36130.0,0,1
8952,1953,Master,Married,65569.0,0,1
241,1952,Graduation,Together,83844.0,0,0
8975,1968,Graduation,Married,19514.0,1,1
6119,1963,PhD,Single,36736.0,1,1
5236,1979,Graduation,Together,77568.0,0,1
5723,1976,PhD,Together,49187.0,0,1
1710,1978,Graduation,Single,30168.0,1,0
1970,1968,Master,Together,34053.0,0,1
5313,1971,Master,Married,38196.0,1,1
10634,1951,Master,Married,59412.0,0,0
7010,1965,2n Cycle,Married,70924.0,0,0
8562,1969,Graduation,Together,54165.0,0,0
3158,1973,Graduation,Married,32300.0,1,0
4436,1976,Graduation,Single,20180.0,0,0
5287,1973,Graduation,Married,34961.0,1,0
2445,1974,PhD,Together,28440.0,1,0
6059,1953,PhD,Together,64504.0,1,2
4550,1966,Master,Together,33564.0,0,1
4240,1978,Graduation,Married,17345.0,1,0
8911,1967,PhD,Married,56320.0,0,1
3706,1978,Graduation,Single,28647.0,1,0
3628,1987,Basic,Single,15038.0,1,0
10175,1958,PhD,Divorced,32173.0,0,1
8985,1964,2n Cycle,Together,68316.0,0,1
5204,1971,Graduation,Together,74538.0,0,0
9220,1971,Graduation,Single,91700.0,0,0
9888,1969,Graduation,Together,68695.0,0,0
5263,1977,2n Cycle,Married,31056.0,1,0
1020,1973,Graduation,Married,79593.0,0,0
9503,1980,Graduation,Single,28071.0,0,0
10613,1958,PhD,Together,37334.0,1,1
67,1972,Master,Single,46423.0,1,1
6019,1971,PhD,Married,37126.0,1,0
5863,1953,Graduation,Married,47703.0,0,1
3717,1959,Graduation,Married,61180.0,0,1
6730,1954,Graduation,Married,38998.0,1,1
10749,1991,Graduation,Single,8028.0,0,0
4998,1962,Graduation,Together,76081.0,0,0
6287,1986,Graduation,Together,34728.0,1,0
5985,1965,Master,Single,33168.0,0,1
4754,1966,Master,Married,33585.0,0,1
4002,1960,PhD,Married,77037.0,0,1
8870,1984,Graduation,Together,35196.0,1,0
966,1966,Graduation,Married,44529.0,0,1
4767,1965,2n Cycle,Married,70924.0,0,0
9725,1966,PhD,Together,28764.0,1,1
4475,1949,PhD,Married,69098.0,0,0
5740,1970,2n Cycle,Divorced,25959.0,1,1
5731,1983,Master,Married,27100.0,1,0
7290,1985,Graduation,Single,70596.0,0,0
3846,1974,Graduation,Married,42557.0,0,1
8104,1951,PhD,Married,53312.0,0,0
4507,1952,Graduation,Single,72228.0,0,0
11013,1987,Graduation,Together,67605.0,0,0
4491,1949,Master,Married,62845.0,1,1
3759,1958,Graduation,Together,65196.0,0,2
1162,1987,PhD,Single,42000.0,0,0
2055,1973,PhD,Divorced,35860.0,1,1
10766,1964,PhD,Married,65526.0,0,1
4415,1961,Graduation,Married,16860.0,1,1
3005,1992,Graduation,Single,83528.0,0,0
2223,1965,2n Cycle,Divorced,64176.0,0,1
4817,1956,Graduation,Divorced,22304.0,0,0
2875,1978,Graduation,Married,67023.0,0,0
10536,1971,PhD,Together,32892.0,1,0
11112,1966,Graduation,Together,70713.0,0,1
3807,1955,Graduation,Together,59925.0,0,1
9197,1953,Graduation,Married,39722.0,0,1
10832,1958,Graduation,Together,46610.0,0,0
6421,1961,Graduation,Together,88347.0,0,0
4207,1981,PhD,Married,87171.0,0,0
577,1976,2n Cycle,Together,26907.0,1,1
10855,1968,Master,Single,50014.0,1,0
3081,1978,PhD,Married,41014.0,1,0
3535,1965,Graduation,Single,66294.0,0,0
247,1971,Graduation,Married,36715.0,1,0
8707,1956,Graduation,Married,79456.0,0,0
9523,1982,Graduation,Together,40479.0,1,0
6072,1970,Master,Single,75345.0,0,0
6295,1977,Graduation,Married,54233.0,0,1
10914,1970,Graduation,Single,24163.0,1,1
1509,1958,PhD,Together,84460.0,0,0
5577,1983,Graduation,Together,43776.0,1,0
7348,1958,PhD,Single,71691.0,0,0
1127,1973,PhD,Married,85844.0,0,0
1833,1974,PhD,Single,39190.0,1,0
4944,1959,Graduation,Together,71367.0,0,0
9080,1972,PhD,Single,38578.0,1,1
6466,1965,PhD,Married,57236.0,1,1
9964,1979,Graduation,Single,61825.0,0,1
4790,1958,Graduation,Divorced,79803.0,0,1
10245,1986,2n Cycle,Single,80910.0,0,0
1109,1982,Master,Together,27590.0,1,0
6001,1979,Graduation,Married,56775.0,0,1
5538,1975,Graduation,Divorced,83829.0,0,0
10552,1979,2n Cycle,Married,54210.0,0,1
1545,1986,Graduation,Married,38508.0,1,0
7409,1970,Graduation,Together,53187.0,1,0
4444,1972,Graduation,Married,30023.0,1,0
146,1960,PhD,Single,76045.0,0,0
6271,1952,PhD,Married,50870.0,0,1
10065,1970,2n Cycle,Married,15315.0,0,0
4741,1974,2n Cycle,Married,65463.0,1,0
246,1965,Graduation,Married,66480.0,1,1
375,1954,Graduation,Divorced,76773.0,0,0
1524,1983,2n Cycle,Single,81698.0,0,0
10022,1973,PhD,Single,54466.0,1,1
7451,1960,Master,Single,98777.0,0,0
11010,1984,PhD,Single,16269.0,1,0
4356,1971,Graduation,Together,71819.0,0,1
3885,1983,PhD,Married,33569.0,1,0
1175,1983,Master,Married,36262.0,0,0
880,1966,Basic,Together,22634.0,0,0
2320,1978,2n Cycle,Married,47025.0,0,1
850,1968,Graduation,Single,70566.0,0,1
4713,1979,PhD,Married,31605.0,1,0
675,1973,Master,Divorced,52034.0,1,1
5025,1979,Graduation,Single,48526.0,1,0
2308,1954,Graduation,Married,46734.0,0,1
5995,1962,Graduation,Divorced,39552.0,1,1
6749,1966,Graduation,Single,86358.0,1,1
1010,1977,Graduation,Together,46931.0,2,1
8977,1985,Basic,Single,16581.0,0,0
4756,1952,2n Cycle,Divorced,63998.0,0,0
3412,1951,Master,Married,67381.0,0,1
606,1967,Graduation,Single,25930.0,1,1
5961,1978,Graduation,Married,42693.0,1,0
2975,1976,Graduation,Together,85606.0,0,1
2894,1985,Graduation,Single,72903.0,0,0
7613,1974,2n Cycle,Together,49669.0,1,0
10542,1968,PhD,Married,36778.0,1,1
8015,1962,PhD,Divorced,85696.0,0,0
10617,1989,Master,Divorced,10979.0,0,0
11166,1961,Graduation,Married,49678.0,0,1
849,1953,Master,Together,56129.0,0,1
523,1989,Graduation,Married,37155.0,1,0
4066,1978,2n Cycle,Divorced,21282.0,1,0
8414,1962,PhD,Single,33419.0,0,1
819,1945,Graduation,Widow,63285.0,0,0
4961,1974,Master,Together,21255.0,1,0
749,1981,Graduation,Together,42162.0,1,0
5430,1956,Graduation,Together,54450.0,1,1
7755,1954,PhD,Married,57744.0,0,1
10525,1986,Graduation,Single,26576.0,1,0
1453,1943,PhD,Widow,57513.0,0,0
8310,1964,Graduation,Together,68142.0,0,1
10710,1979,Graduation,Married,7500.0,0,1
5031,1974,Graduation,Together,83145.0,0,0
2613,1960,Master,Married,54197.0,0,1
213,1963,PhD,Single,23091.0,1,1
967,1976,Graduation,Married,46049.0,1,1
1077,1974,Graduation,Together,56715.0,0,0
7959,1961,Graduation,Married,79410.0,0,0
640,1951,Graduation,Married,57304.0,0,1
4252,1965,Graduation,Married,44375.0,0,1
8432,1956,Graduation,Together,54450.0,1,1
6218,1965,Graduation,Married,59594.0,0,1
6905,1994,Graduation,Together,80685.0,0,0
5922,1974,PhD,Married,40344.0,0,1
3598,1972,Graduation,Married,62710.0,0,1
6116,1968,2n Cycle,Married,48985.0,0,1
6263,1968,Graduation,Together,35322.0,1,2
10486,1948,Graduation,Married,77142.0,0,0
2410,1969,Graduation,Single,81657.0,0,0
193,1996,Basic,Married,14421.0,0,0
3363,1974,2n Cycle,Married,20130.0,0,0
8278,1990,PhD,Married,74214.0,0,0
10660,1957,Master,Married,66726.0,1,1
8686,1979,Basic,Together,23724.0,1,0
1604,1960,Master,Married,47353.0,0,1
5907,1952,Master,Married,33444.0,1,1
10669,1981,Graduation,Married,54386.0,0,1
2918,1981,Graduation,Divorced,28510.0,1,1
5735,1991,Master,Single,90638.0,0,0
359,1950,Graduation,Together,48070.0,0,1
8387,1957,Graduation,Married,43140.0,0,1
1829,1961,PhD,Divorced,54959.0,0,1
3839,1958,Basic,Single,15056.0,1,1
9392,1971,Graduation,Single,26954.0,1,0
2292,1985,Graduation,Single,22327.0,1,0
10466,1965,Graduation,Married,44393.0,1,1
9855,1952,PhD,Single,62000.0,0,1
4088,1962,PhD,Together,31497.0,0,1
5231,1974,2n Cycle,Married,45894.0,0,2
590,1970,Master,Divorced,78579.0,0,0
8732,1969,Master,Widow,67369.0,0,1
2315,1960,Graduation,Divorced,58401.0,0,1
3515,1952,Graduation,Single,62307.0,0,1
2245,1969,Master,Married,43641.0,1,1
6283,1968,Master,Divorced,63841.0,0,1
2246,1965,2n Cycle,Married,46891.0,0,1
6606,1969,Master,Married,70091.0,1,0
5545,1972,PhD,Married,78075.0,0,0
7342,1961,2n Cycle,Widow,59184.0,0,1
837,1977,Graduation,Married,54809.0,1,1
9500,1959,Graduation,Married,58113.0,0,1
3602,1958,Master,Married,51412.0,0,1
234,1979,Graduation,Divorced,15287.0,1,0
2995,1957,Master,Together,66636.0,0,0
1118,1956,Master,Married,50965.0,0,1
7789,1965,PhD,Married,84618.0,0,0
3068,1990,Graduation,Married,18351.0,0,0
8955,1957,PhD,Together,40451.0,0,2
945,1965,Graduation,Together,36317.0,0,1
5644,1957,Graduation,Together,42213.0,0,1
7192,1955,Graduation,Together,65748.0,0,1
2324,1972,Graduation,Together,77044.0,0,1
697,1969,Graduation,Together,74918.0,0,0
3439,1972,Graduation,Married,56721.0,1,1
1506,1975,Graduation,Single,42160.0,1,1
232,1965,Graduation,Single,61559.0,0,1
8876,1963,PhD,Together,33629.0,1,1
4500,1991,PhD,Together,68682.0,0,0
9739,1963,Graduation,Single,34377.0,0,1
10395,1986,Basic,Single,8940.0,1,0
1176,1973,Graduation,Married,26228.0,1,0
1627,1957,2n Cycle,Divorced,77297.0,0,0
938,1981,Graduation,Married,40211.0,1,1
2740,1958,PhD,Widow,33438.0,1,1
257,1959,PhD,Married,75032.0,0,1
4058,1955,PhD,Single,61284.0,0,0
7736,1986,Graduation,Married,22518.0,1,0
8210,1975,Master,Married,54730.0,0,1
833,1955,Master,Married,38452.0,1,1
6230,1971,Graduation,Divorced,44421.0,1,1
7325,1986,PhD,Together,38197.0,1,0
1307,1978,Graduation,Divorced,41986.0,0,1
1502,1983,Graduation,Together,28427.0,1,0
6211,1976,PhD,Together,37395.0,1,0
843,1971,Graduation,Married,64722.0,1,0
4174,1956,Master,Together,55249.0,0,1
9757,1972,Graduation,Together,84906.0,0,0
6918,1989,Graduation,Married,28691.0,1,0
286,1952,Graduation,Single,44213.0,1,1
11086,1984,Basic,Single,25707.0,1,0
1921,1967,PhD,Married,59062.0,2,1
4138,1962,Graduation,Single,76624.0,0,1
7718,1947,Master,Together,66000.0,0,0
1291,1978,PhD,Together,27683.0,1,0
6862,1971,Graduation,Divorced,1730.0,0,0
4136,1992,Basic,Single,7500.0,1,0
803,1968,Graduation,Together,40521.0,1,1
4298,1973,PhD,Together,20427.0,1,0
10833,1975,Graduation,Married,65106.0,0,1
9606,1965,PhD,Married,69969.0,0,0
8534,1952,Graduation,Married,67433.0,0,2
5153,1967,PhD,Married,77766.0,0,1
961,1972,Graduation,Married,74716.0,0,1
5011,1963,Graduation,Divorced,68118.0,0,1
6653,1970,PhD,Married,55158.0,1,1
9094,1955,2n Cycle,Married,62972.0,0,1
810,1975,Graduation,Married,74190.0,0,1
5493,1976,Graduation,Married,39356.0,1,1
2147,1969,Graduation,Together,76653.0,0,0
5107,1973,PhD,Divorced,35860.0,1,1
3979,1983,PhD,Divorced,90687.0,0,0
6049,1982,Master,Together,73450.0,0,0
8147,1960,Graduation,Married,31454.0,1,1
1857,1952,Graduation,Single,47139.0,1,1
3910,1975,Graduation,Divorced,83829.0,0,0
5207,1963,PhD,Married,53378.0,1,1
11114,1970,Graduation,Together,19656.0,1,0
5429,1948,PhD,Married,45579.0,0,1
9400,1958,2n Cycle,Single,85485.0,0,0
1740,1944,Graduation,Married,55956.0,0,0
7488,1963,Master,Single,64191.0,0,1
195,1972,Graduation,Single,38808.0,1,0
635,1966,Master,Married,57183.0,1,1
7527,1968,Master,Divorced,23748.0,1,0
10319,1971,Graduation,Married,66303.0,0,1
2296,1975,Master,Married,37368.0,1,0
10637,1964,Graduation,Married,40800.0,1,2
2931,1978,Graduation,Divorced,71847.0,0,0
907,1975,Graduation,Married,46149.0,0,1
3698,1983,Graduation,Together,78687.0,0,0
9516,1971,2n Cycle,Divorced,49118.0,0,0
679,1957,PhD,Married,37633.0,1,1
7384,1951,Master,Together,39767.0,0,0
5043,1951,Basic,Married,26997.0,0,0
5267,1970,Graduation,Divorced,33986.0,1,0
339,1972,PhD,Married,57091.0,0,1
2516,1969,2n Cycle,Married,46831.0,1,1
9010,1972,Master,Married,83151.0,0,0
378,1971,Graduation,Married,52531.0,0,0
4808,1956,Graduation,Married,15759.0,0,0
5068,1971,Graduation,Single,22804.0,1,0
7628,1973,2n Cycle,Married,43050.0,1,0
7128,1977,PhD,Single,42997.0,1,1
2811,1963,PhD,Single,48918.0,1,1
3551,1954,Master,Together,60033.0,0,1
1663,1978,PhD,Together,34043.0,1,0
5543,1966,Graduation,Together,57811.0,0,1
1577,1946,Graduation,Married,78569.0,0,0
10641,1978,Graduation,Single,7500.0,1,1
5336,1971,Master,Together,157733.0,1,0
6024,1953,Graduation,Together,94384.0,0,0
1878,1985,2n Cycle,Married,23148.0,0,0
3099,1970,Graduation,Divorced,44267.0,1,1
6055,1979,Graduation,Married,71626.0,0,0
5841,1966,Graduation,Together,60894.0,0,1
3972,1976,Graduation,Together,50200.0,1,1
4394,1965,PhD,Married,81051.0,0,0
5758,1982,Graduation,Married,65169.0,0,0
6658,1972,Graduation,Together,59868.0,0,1
4603,1960,PhD,Married,65695.0,0,1
8427,1956,Master,Single,64857.0,0,0
10260,1965,Master,Together,45143.0,0,1
7143,1955,2n Cycle,Together,74805.0,0,1
8789,1989,2n Cycle,Married,59060.0,1,0
6197,1962,PhD,Single,27238.0,1,1
4554,1965,Graduation,Together,47009.0,0,1
4937,1973,2n Cycle,Married,46094.0,1,1
1920,1972,Graduation,Married,40321.0,1,1
8749,1984,Graduation,Together,37235.0,1,0
1650,1960,Master,Married,81843.0,0,0
10377,1958,Master,Together,46692.0,0,1
9206,1968,Graduation,Together,77382.0,0,1
10971,1977,Graduation,Single,37774.0,2,0
6398,1974,Basic,Married,18393.0,1,0
9212,1962,Master,Married,72828.0,0,1
7937,1982,Graduation,Married,24711.0,0,0
839,1975,PhD,Married,45503.0,1,0
4246,1982,Master,Single,6560.0,0,0
158,1945,PhD,Together,71604.0,0,0
4832,1979,Graduation,Married,27244.0,1,0
5621,1969,Graduation,Married,48752.0,1,1
1945,1962,Graduation,Married,71434.0,0,1
5147,1948,Graduation,Single,90842.0,0,0
2535,1978,Master,Married,88097.0,1,0
11039,1975,Graduation,Married,51948.0,0,1
9495,1982,Graduation,Together,71853.0,0,0
9635,1983,Master,Married,35876.0,0,0
2173,1952,Graduation,Widow,40049.0,0,1
942,1982,Graduation,Single,39660.0,1,0
9386,1962,Graduation,Together,50127.0,0,1
5510,1977,Master,Married,43263.0,0,1
873,1949,Master,Married,62845.0,1,1
2253,1990,Graduation,Married,18929.0,0,0
5181,1982,Basic,Single,24367.0,1,0
979,1975,Graduation,Single,33249.0,1,0
10390,1959,2n Cycle,Married,26887.0,0,1
4698,1983,PhD,Married,50150.0,0,0
7793,1976,Graduation,Together,62061.0,0,1
1745,1962,PhD,Divorced,85696.0,0,0
10590,1956,PhD,Together,76542.0,0,0
5080,1993,Graduation,Single,70515.0,0,0
8369,1987,Graduation,Together,18227.0,1,0
5232,1965,Graduation,Married,69139.0,0,1
2407,1982,Graduation,Married,69109.0,0,0
3834,1962,Graduation,Single,69627.0,0,1
7912,1978,Graduation,Married,38136.0,1,0
7712,1946,PhD,Single,62159.0,0,0
1065,1963,Graduation,Single,80695.0,0,0
7275,1971,Master,Single,33316.0,1,1
1343,1968,Graduation,Together,58554.0,1,1
1384,1992,Basic,Married,17256.0,1,0
9967,1974,Graduation,Divorced,53034.0,1,1
6181,1950,2n Cycle,Together,52203.0,0,0
10507,1977,2n Cycle,Divorced,59601.0,0,1
2674,1958,Master,Single,75154.0,0,1
2698,1976,Graduation,Single,47025.0,0,1
3231,1973,Graduation,Married,37971.0,1,0
4096,1968,Master,Divorced,41335.0,1,0
10476,1958,Graduation,Married,67267.0,0,1
5948,1975,Graduation,Single,57338.0,0,1
9140,1960,2n Cycle,Together,50523.0,1,1
10258,1965,Master,Single,35791.0,2,1
5675,1960,PhD,Divorced,50611.0,0,1
4743,1969,PhD,Married,56242.0,0,1
8805,1960,Graduation,Single,48904.0,0,1
1542,1975,Graduation,Single,56243.0,1,2
6770,1985,Graduation,Married,21355.0,1,0
8773,1971,Master,Together,57420.0,0,1
10475,1970,Master,Together,,0,1
10420,1955,Master,Divorced,46390.0,0,1
7514,1956,2n Cycle,Together,54342.0,1,1
2902,1958,Graduation,Together,,1,1
4345,1964,2n Cycle,Single,,1,1
793,1973,Graduation,Married,20895.0,1,0
10909,1948,Graduation,Married,92344.0,0,0
3769,1972,PhD,Together,,1,0
8702,1976,2n Cycle,Together,26907.0,1,1
4791,1980,Graduation,Together,44964.0,1,1
2963,1979,Graduation,Together,75507.0,0,0
8216,1972,Master,Married,53761.0,1,1
8140,1973,Graduation,Together,22682.0,1,0
10146,1972,PhD,Together,38887.0,1,0
5289,1975,2n Cycle,Single,41658.0,1,1
2587,1972,PhD,Married,29791.0,1,0
4405,1956,Master,Married,63915.0,0,2
8663,1974,Graduation,Divorced,39996.0,1,1
2589,1972,Graduation,Divorced,26759.0,1,0
3421,1968,Master,Divorced,63841.0,0,1
10490,1969,PhD,Married,51039.0,1,1
4094,1961,Graduation,Married,60544.0,1,1
9958,1972,Graduation,Married,65685.0,0,1
2534,1953,Graduation,Married,37716.0,0,1
4188,1957,Graduation,Single,36864.0,0,1
6613,1970,Master,Married,44511.0,1,0
10827,1967,PhD,Married,36947.0,1,1
5491,1951,Master,Together,47352.0,0,1
8402,1953,Master,Married,67087.0,0,1
8783,1950,Graduation,Married,57045.0,0,1
10010,1953,PhD,Divorced,36957.0,1,1
618,1977,PhD,Married,69389.0,0,1
9121,1972,Graduation,Married,80134.0,1,0
361,1969,Master,Married,43142.0,1,1
4310,1944,Graduation,Married,80589.0,0,0
2678,1990,Graduation,Single,34412.0,1,0
6376,1979,Graduation,Single,57537.0,1,0
524,1966,Basic,Together,22634.0,0,0
10341,1948,Graduation,Together,51315.0,0,0
5654,1972,Graduation,Married,36026.0,2,1
4098,1973,Graduation,Married,24639.0,1,1
5824,1972,PhD,Together,34578.0,2,1
7000,1972,2n Cycle,Single,65704.0,0,0
2561,1966,Graduation,Single,63810.0,0,1
5229,1969,PhD,Together,54132.0,0,1
4086,1959,Graduation,Married,18690.0,0,0
2428,1970,Graduation,Married,28164.0,1,0
8254,1974,PhD,Married,34596.0,1,0
2836,1972,PhD,Married,43269.0,1,0
8418,1958,2n Cycle,Single,38741.0,1,1
1362,1972,Graduation,Single,31907.0,0,0
7152,1983,Master,Married,27100.0,1,0
10033,1973,2n Cycle,Divorced,31163.0,1,0
9349,1985,Graduation,Married,92533.0,0,0
274,1973,Graduation,Single,34853.0,1,1
3388,1967,Graduation,Divorced,70844.0,1,1
922,1979,2n Cycle,Married,31086.0,1,1
8588,1961,Graduation,Married,60544.0,1,1
2518,1986,2n Cycle,Together,20491.0,0,0
574,1964,Graduation,Married,42523.0,0,0
3220,1983,Graduation,Married,39922.0,1,0
5967,1952,Graduation,Together,33402.0,1,1
1183,1949,Master,Married,36408.0,1,1
6856,1979,Graduation,Together,21645.0,1,0
4530,1948,Master,Widow,78427.0,0,0
1553,1946,Graduation,Together,82657.0,0,0
4682,1958,Graduation,Married,51876.0,0,0
8204,1971,2n Cycle,Married,78041.0,0,0
5221,1957,Graduation,Married,52852.0,0,1
1232,1982,PhD,Together,70038.0,0,0
1927,1973,2n Cycle,Together,69401.0,0,1
5788,1972,Graduation,Together,46053.0,1,0
6652,1965,Graduation,Married,77343.0,0,0
6246,1953,Graduation,Single,73892.0,0,0
5975,1967,PhD,Single,40304.0,1,0
6875,1965,PhD,Together,32727.0,0,0
4399,1969,Graduation,Together,68695.0,0,0
4042,1971,Graduation,Divorced,43300.0,0,1
2157,1972,Graduation,Together,26290.0,1,1
10133,1970,Graduation,Single,93790.0,0,0
2525,1974,PhD,Married,38410.0,0,0
8233,1950,Master,Widow,64866.0,0,1
9483,1959,Graduation,Together,57957.0,0,1
2945,1955,PhD,Together,46015.0,1,1
10403,1978,Graduation,Together,16531.0,1,0
5074,1986,Master,Married,28072.0,1,0
10524,1963,Master,Divorced,49476.0,0,1
4690,1953,Graduation,Married,50725.0,0,1
7521,1952,Graduation,Together,83844.0,0,0
7196,1950,PhD,Married,41145.0,1,1
4406,1970,Graduation,Together,67419.0,0,1
9672,1970,2n Cycle,Married,23162.0,1,1
4864,1977,Graduation,Married,34380.0,1,0
4706,1966,Graduation,Single,34704.0,0,1
4070,1969,PhD,Married,94871.0,0,2
25,1958,Graduation,Married,65148.0,0,1
3697,1954,Graduation,Together,39898.0,0,1
217,1956,Master,Single,64857.0,0,0
4220,1970,PhD,Married,59892.0,0,1
5286,1987,Master,Single,41020.0,0,0
9559,1961,PhD,Married,57072.0,0,1
2849,1979,Graduation,Single,60474.0,0,1
7787,1960,Graduation,Together,62807.0,0,1
3102,1981,2n Cycle,Together,19414.0,1,0
5868,1980,Graduation,Married,19107.0,1,0
8370,1976,2n Cycle,Together,75484.0,0,1
9988,1976,Master,Single,70379.0,0,1
2939,1970,Master,Together,79419.0,0,0
5529,1946,PhD,Together,64014.0,2,1
9743,1955,Graduation,Married,76998.0,0,1
5763,1972,Master,Together,49854.0,1,0
3478,1971,PhD,Married,60585.0,1,1
7494,1950,PhD,Divorced,42873.0,1,1
1763,1988,Graduation,Together,87679.0,0,0
7250,1978,Graduation,Together,57867.0,1,0
2005,1990,Graduation,Married,35765.0,1,0
10770,1959,Graduation,Married,65492.0,0,0
6885,1977,Graduation,Divorced,32952.0,1,0
2072,1969,PhD,Together,53374.0,0,1
9463,1959,Graduation,Together,71706.0,0,1
6318,1988,Graduation,Married,68487.0,0,0
4093,1975,Master,Together,53253.0,1,1
5751,1973,2n Cycle,Divorced,31163.0,1,0
3340,1977,Graduation,Married,42014.0,1,0
3594,1973,Master,Married,54108.0,1,1
3584,1955,PhD,Single,49667.0,0,0
3643,1974,Master,Married,63206.0,0,0
851,1972,Master,Married,57136.0,1,1
7706,1975,2n Cycle,Together,46772.0,0,1
3967,1971,PhD,Married,78931.0,0,0
10128,1958,Graduation,Together,53977.0,0,1
486,1988,Graduation,Married,84219.0,0,0
9,1975,Master,Single,46098.0,1,1
9451,1965,Graduation,Married,73538.0,0,1
9264,1986,Graduation,Married,79529.0,0,0
3865,1977,2n Cycle,Together,20981.0,0,0
2853,1980,Graduation,Single,51766.0,1,0
1490,1962,Graduation,Married,55759.0,0,1
6310,1978,Graduation,Married,33039.0,1,0
10380,1972,Master,Married,37787.0,1,0
3887,1970,Graduation,Single,27242.0,1,0
4278,1983,PhD,Single,87188.0,0,0
8643,1971,Graduation,Together,69930.0,0,0
1998,1976,Graduation,Single,37697.0,1,0
10795,1973,PhD,Married,37401.0,1,0
11110,1973,Graduation,Single,3502.0,1,0
2408,1976,Graduation,Married,58597.0,1,1
202,1948,PhD,Widow,82032.0,0,0
7998,1958,Graduation,Together,28087.0,1,1
830,1987,PhD,Single,74004.0,0,0
3536,1960,Graduation,Together,19740.0,0,1
6050,1975,2n Cycle,Married,57036.0,0,1
125,1958,2n Cycle,Together,53083.0,1,1
3463,1975,PhD,Married,69283.0,0,1
2804,1975,Master,Single,46098.0,1,1
3745,1988,2n Cycle,Married,23331.0,1,0
9771,1988,2n Cycle,Single,23331.0,1,0
451,1989,Graduation,Single,9255.0,1,0
10530,1959,PhD,Widow,67786.0,0,0
1079,1971,PhD,Married,71969.0,0,1
8920,1967,Master,Single,59235.0,1,0
6678,1989,Graduation,Together,31928.0,1,0
3852,1961,Master,Together,74881.0,1,1
528,1978,Graduation,Married,65819.0,0,0
73,1953,PhD,Single,51411.0,1,2
5589,1964,Graduation,Divorced,51983.0,0,1
10212,1986,Master,Together,42386.0,1,0
6365,1987,2n Cycle,Married,30390.0,0,0
5636,1963,Graduation,Single,30983.0,0,0
591,1957,Graduation,Widow,66033.0,0,1
2217,1975,2n Cycle,Married,37284.0,1,1
2544,1951,Master,Divorced,57530.0,0,1
7725,1965,2n Cycle,Married,76800.0,0,0
8091,1956,Graduation,Married,63943.0,0,1
7321,1962,Graduation,Together,76081.0,0,0
5462,1974,Graduation,Married,67445.0,0,1
7791,1967,Master,Married,37054.0,1,1
955,1962,Master,Together,47175.0,1,1
4037,1976,Graduation,Divorced,31859.0,1,0
6642,1961,Graduation,Divorced,27215.0,2,1
2793,1976,PhD,Divorced,70179.0,0,1
5424,1983,Graduation,Married,39922.0,1,0
879,1976,Master,Married,49681.0,0,2
9530,1988,Graduation,Married,24645.0,1,0
4828,1954,Graduation,Divorced,79865.0,0,1
10699,1985,Graduation,Married,44322.0,1,0
1497,1952,Graduation,Single,47958.0,0,1
7476,1964,Master,Single,63972.0,0,1
4390,1954,Graduation,Together,75315.0,0,1
10478,1950,PhD,Married,55517.0,1,1
1081,1957,PhD,Married,75283.0,1,2
4261,1946,PhD,Single,82800.0,0,0
9916,1954,Graduation,Married,38998.0,1,1
5350,1991,Master,Single,90638.0,0,0
8135,1986,Master,Married,27161.0,1,0
8685,1977,Graduation,Married,42014.0,1,0
4967,1960,PhD,Together,38201.0,0,1
2130,1982,Graduation,Together,45203.0,2,0
9298,1947,PhD,Together,81574.0,0,0
8175,1992,Graduation,Married,34935.0,0,0
6257,1976,Master,Single,60482.0,0,1
3790,1956,Graduation,Together,34633.0,2,1
9952,1947,Master,Together,78093.0,0,0
3503,1950,Graduation,Divorced,82460.0,0,0
5223,1966,Master,Together,45903.0,0,1
4608,1987,Graduation,Divorced,81361.0,0,0
1626,1973,PhD,Divorced,35860.0,1,1
4764,1952,Master,Together,40442.0,1,1
2471,1965,Graduation,Married,61482.0,0,0
5892,1980,Graduation,Married,34968.0,1,0
2612,1987,Graduation,Married,75794.0,0,0
4971,1962,PhD,Together,31497.0,0,1
5185,1955,Graduation,Married,74268.0,0,0
10069,1988,Basic,Together,13724.0,1,0
2262,1965,Master,Together,45143.0,0,1
1131,1967,PhD,Single,52569.0,0,1
1041,1973,PhD,Single,48432.0,0,1
24,1960,Master,Together,17144.0,1,1
3409,1984,Graduation,Single,36108.0,1,0
7022,1971,Graduation,Married,76445.0,1,0
7943,1975,PhD,Married,36663.0,1,0
5272,1965,Master,Married,53843.0,0,1
5453,1956,Master,Married,90226.0,0,0
2565,1955,Master,Divorced,70638.0,0,0
800,1960,Graduation,Together,44512.0,1,1
11092,1961,Graduation,Married,27116.0,1,1
5062,1963,PhD,Married,54072.0,1,1
8969,1977,Graduation,Married,71855.0,0,1
4656,1990,2n Cycle,Single,51250.0,1,0
4480,1973,Master,Married,60432.0,0,1
9971,1964,PhD,Married,65526.0,0,1
6729,1988,Graduation,Single,68655.0,0,0
1773,1978,2n Cycle,Married,12393.0,0,0
9242,1990,Graduation,Single,64509.0,0,0
1764,1975,Graduation,Single,33955.0,1,0
6215,1977,Graduation,Married,31353.0,1,1
10099,1984,Graduation,Married,55434.0,1,0
5423,1983,Graduation,Together,28359.0,1,0
940,1987,Graduation,Single,57100.0,1,0
3011,1965,Graduation,Married,69139.0,0,1
3298,1956,Master,Married,52973.0,0,1
8286,1965,PhD,Together,51717.0,0,1
9668,1971,Graduation,Married,18793.0,1,0
5120,1982,2n Cycle,Together,66664.0,0,0
6097,1959,Graduation,Single,50664.0,1,1
7019,1963,Graduation,Together,54414.0,1,1
7408,1952,PhD,Married,54549.0,0,1
8041,1971,PhD,Widow,47111.0,0,1
252,1963,PhD,Divorced,41003.0,0,0
9986,1982,Graduation,Together,19444.0,1,0
3276,1976,2n Cycle,Together,36301.0,1,0
3859,1947,PhD,Together,73059.0,0,1
3570,1969,PhD,Together,42731.0,1,0
3783,1959,PhD,Married,52854.0,1,1
10207,1978,Graduation,Together,22775.0,1,0
10906,1948,PhD,Together,46681.0,0,2
3427,1955,PhD,Married,59821.0,0,1
5209,1954,Graduation,Divorced,50002.0,0,1
10711,1945,Graduation,Married,69755.0,0,0
10785,1969,Graduation,Married,44078.0,1,1
2814,1976,Master,Together,30560.0,1,0
6866,1969,Master,Together,35924.0,1,1
1665,1964,PhD,Divorced,64140.0,0,2
6575,1981,Graduation,Together,56386.0,1,1
3829,1979,Basic,Together,24594.0,1,0
3091,1981,2n Cycle,Together,75774.0,1,0
10141,1960,Master,Divorced,39228.0,0,0
5177,1974,Master,Married,58494.0,0,1
7005,1981,Graduation,Single,58684.0,0,0
6409,1967,Graduation,Divorced,57136.0,0,0
7485,1950,PhD,Widow,56551.0,1,1
8079,1982,Graduation,Married,22448.0,1,0
8395,1961,Graduation,Single,82014.0,0,0
10352,1963,Graduation,Widow,34213.0,1,1
4931,1977,Graduation,Together,157146.0,0,0
13,1947,PhD,Widow,25358.0,0,1
1834,1978,Master,Single,35544.0,1,0
2285,1954,Master,Together,36634.0,0,1
2295,1954,PhD,Married,62670.0,0,1
1378,1972,2n Cycle,Together,50334.0,0,1
2781,1981,Graduation,Single,72066.0,0,0
1165,1958,PhD,Single,50729.0,1,1
1404,1968,Graduation,Together,34916.0,2,0
6457,1976,Graduation,Divorced,64892.0,0,1
2639,1966,Graduation,Single,43602.0,1,1
8299,1989,PhD,Single,33996.0,0,0
6437,1985,2n Cycle,Single,41473.0,1,0
6912,1967,PhD,Married,63246.0,0,2
7327,1959,PhD,Married,36732.0,1,1
5299,1970,PhD,Married,69084.0,1,0
4127,1967,PhD,Married,77766.0,0,1
8143,1985,PhD,Single,37929.0,0,0
1964,1951,Graduation,Together,86610.0,0,0
3690,1986,Master,Married,80141.0,0,0
3433,1955,2n Cycle,Married,72635.0,0,0
3389,1970,Graduation,Married,69016.0,0,1
4712,1991,2n Cycle,Together,20193.0,0,0
1170,1975,Graduation,Married,27573.0,1,0
6347,1979,Basic,Single,15862.0,1,0
4065,1976,PhD,Married,49544.0,1,0
8230,1980,Graduation,Married,33228.0,1,0
1215,1978,Graduation,Together,70440.0,0,0
5939,1971,Graduation,Together,38232.0,1,1
2156,1955,PhD,Married,22554.0,1,1
7788,1983,PhD,Married,23536.0,1,0
10323,1952,Graduation,Married,49413.0,0,1
7947,1969,Graduation,Married,42231.0,1,1
1891,1980,Master,Divorced,78789.0,0,0
2570,1968,Graduation,Together,56534.0,0,1
9256,1971,Graduation,Single,58350.0,0,1
295,1989,Graduation,Single,81217.0,0,0
7397,1951,Graduation,Single,49090.0,0,1
6349,1987,Master,Divorced,61787.0,0,0
10790,1985,PhD,Married,18169.0,1,0
10398,1981,2n Cycle,Single,24336.0,1,0
2431,1990,Graduation,Married,18222.0,0,0
550,1952,Graduation,Divorced,62335.0,0,1
1890,1971,2n Cycle,Together,42033.0,1,1
10742,1983,PhD,Married,86580.0,0,0
10356,1957,PhD,Divorced,41437.0,1,1
4676,1951,Master,Widow,73705.0,0,2
8852,1976,Graduation,Married,61064.0,0,1
3565,1955,Master,Married,38452.0,1,1
5294,1989,Graduation,Single,18358.0,1,0
1958,1973,PhD,Together,55012.0,0,1
7349,1973,Basic,Together,9722.0,1,0
8799,1984,PhD,Married,38175.0,1,0
1351,1956,Master,Together,58656.0,0,1
1045,1965,Graduation,Together,52117.0,0,1
7732,1978,Graduation,Married,64813.0,1,0
8070,1973,PhD,Married,54222.0,0,1
477,1986,Graduation,Married,83512.0,0,0
7832,1959,Master,Married,77520.0,0,1
2202,1978,Graduation,Together,41154.0,0,1
7396,1966,Graduation,Married,80398.0,0,0
4055,1992,Basic,Single,18746.0,1,0
10340,1984,Graduation,Together,35196.0,1,0
10091,1956,Graduation,Single,60230.0,0,1
7629,1977,Graduation,Married,22108.0,1,1
10640,1974,Graduation,Together,44392.0,1,1
3498,1976,PhD,Married,55424.0,0,1
6742,1979,Graduation,Married,17688.0,1,0
1172,1983,PhD,Married,92491.0,0,0
569,1991,Graduation,Single,90273.0,0,0
4686,1962,PhD,Widow,82571.0,0,0
1381,1982,PhD,Single,38513.0,1,0
2634,1979,Master,Single,16653.0,1,0
10905,1955,Graduation,Together,42586.0,1,1
1744,1965,Basic,Single,23529.0,0,1
1000,1961,Master,Together,74881.0,1,1
3828,1951,Graduation,Married,71107.0,0,1
8605,1964,PhD,Together,46910.0,1,1
10304,1959,Graduation,Married,18690.0,0,0
4351,1955,Graduation,Divorced,37244.0,1,1
10129,1966,Graduation,Together,82427.0,0,0
2499,1958,2n Cycle,Single,75342.0,0,1
10092,1954,Graduation,Divorced,70044.0,0,1
7500,1967,Graduation,Single,79146.0,1,1
5796,1963,Graduation,Married,77437.0,0,0
10556,1959,Graduation,Married,54984.0,0,1
1064,1971,PhD,Married,42403.0,1,0
48,1964,Graduation,Together,55761.0,0,1
7610,1983,Graduation,Together,37292.0,1,0
263,1945,PhD,Single,45576.0,0,0
10814,1947,Graduation,Together,70321.0,0,0
9710,1969,PhD,Divorced,58086.0,0,1
9292,1952,Graduation,Married,81795.0,0,0
10250,1947,Basic,Together,28389.0,0,0
7881,1946,Master,Married,66835.0,0,0
5847,1969,Graduation,Divorced,69901.0,0,1
737,1949,PhD,Married,80360.0,0,0
3571,1961,PhD,Together,63342.0,0,1
7807,1974,Graduation,Married,44989.0,0,1
3878,1980,2n Cycle,Single,31859.0,1,0
5092,1949,PhD,Widow,51569.0,0,1
2154,1971,Graduation,Widow,30372.0,1,1
5394,1979,Basic,Single,16014.0,1,1
3798,1968,Graduation,Married,41120.0,1,1
3524,1971,Master,Single,39763.0,1,0
5247,1955,PhD,Married,38725.0,1,1
5883,1972,Graduation,Married,77981.0,1,0
2118,1964,2n Cycle,Married,62905.0,0,1
8812,1979,2n Cycle,Divorced,13533.0,1,0
6616,1975,Graduation,Together,59481.0,0,1
2797,1977,Graduation,Married,72117.0,0,1
4328,1986,2n Cycle,Married,21955.0,1,0
9167,1956,Graduation,Married,67131.0,0,1
10560,1980,PhD,Single,36802.0,1,0
2631,1982,Graduation,Together,71853.0,0,0
8312,1961,Basic,Married,28249.0,0,0
5534,1975,Master,Married,47808.0,0,1
5093,1974,PhD,Divorced,25509.0,1,0
7592,1946,PhD,Married,51012.0,0,0
8895,1985,Graduation,Single,70596.0,0,0
8584,1952,PhD,Together,85431.0,0,0
2694,1967,Graduation,Married,42664.0,0,1
8910,1955,Graduation,Together,42586.0,1,1
7433,1985,Graduation,Single,29760.0,1,0
164,1977,PhD,Married,28973.0,0,0
10477,1973,PhD,Together,39435.0,1,0
2681,1984,2n Cycle,Married,65370.0,0,0
5150,1979,Basic,Single,20194.0,1,0
5283,1976,PhD,Single,42473.0,1,1
9645,1968,Graduation,Married,64590.0,0,0
10678,1959,Graduation,Together,71232.0,0,1
7261,1971,Graduation,Together,34600.0,1,1
9648,1967,Graduation,Single,46904.0,1,1
2870,1973,Graduation,Married,49094.0,0,1
8008,1983,Graduation,Together,36075.0,1,0
1513,1979,2n Cycle,Together,60839.0,1,1
6173,1979,Graduation,Together,77298.0,0,1
1419,1950,Graduation,Together,34026.0,1,1
9150,1963,PhD,Single,48918.0,1,1
7960,1962,2n Cycle,Together,82122.0,0,0
1250,1976,Graduation,Single,37697.0,1,0
9905,1952,Graduation,Together,34074.0,1,1
10691,1960,Master,Married,28520.0,1,1
7002,1955,Graduation,Single,62535.0,0,1
2952,1977,Master,Single,36273.0,1,0
8439,1964,Graduation,Together,63404.0,0,2
762,1981,2n Cycle,Together,75774.0,1,0
2831,1976,Graduation,Together,78416.0,0,1
6977,1974,Graduation,Together,75702.0,0,1
6289,1951,Master,Together,59385.0,1,1
4168,1966,Graduation,Single,37070.0,1,1
8397,1951,Graduation,Married,44689.0,1,1
9284,1958,Graduation,Together,53977.0,0,1
6237,1966,PhD,Single,7144.0,0,2
3130,1964,Graduation,Single,18701.0,1,1
1619,1956,Graduation,Married,90369.0,0,0
1990,1974,PhD,Single,63159.0,0,0
5513,1966,Graduation,Together,37758.0,1,1
269,1963,PhD,Single,46757.0,0,1
8093,1969,Master,Married,79734.0,0,0
10513,1992,Graduation,Together,63207.0,0,0
10177,1954,Graduation,Divorced,72071.0,0,1
2549,1983,PhD,Together,21840.0,1,0
5782,1982,2n Cycle,Together,58582.0,0,1
10057,1951,Graduation,Single,72282.0,0,0
10307,1956,Graduation,Married,50387.0,0,2
8566,1961,PhD,Together,32583.0,1,1
2415,1962,Graduation,Together,62568.0,0,1
5684,1971,Master,Divorced,44635.0,1,1
8334,1971,Master,Single,33316.0,1,1
9166,1968,Graduation,Married,63967.0,0,1
1440,1978,2n Cycle,Together,52513.0,0,0
78,1969,Graduation,Married,25293.0,1,0
5441,1965,PhD,Widow,54111.0,0,1
5302,1986,Graduation,Together,78394.0,0,0
4687,1958,Master,Married,80739.0,0,0
1087,1975,Master,Together,22669.0,1,0
6859,1987,Graduation,Single,29236.0,1,0
9860,1959,Graduation,Together,44911.0,0,1
7129,1962,PhD,Married,54693.0,0,1
5866,1974,Graduation,Together,48186.0,1,0
10521,1977,Graduation,Married,54809.0,1,1
7393,1978,Graduation,Together,41580.0,1,1
7849,1970,PhD,Married,80336.0,0,0
332,1957,Graduation,Married,47743.0,0,1
9847,1955,2n Cycle,Married,62972.0,0,1
531,1954,PhD,Divorced,57333.0,0,1
9576,1982,PhD,Together,32313.0,1,0
6906,1953,Master,Widow,84953.0,0,0
7419,1968,Master,Divorced,27071.0,1,0
3170,1957,Master,Together,68148.0,0,0
8527,1965,Master,Together,65735.0,1,1
7872,1975,PhD,Married,86836.0,0,0
9931,1963,PhD,Married,4023.0,1,1
10595,1990,Graduation,Married,30093.0,0,0
4609,1966,PhD,Married,57705.0,0,1
5010,1988,Graduation,Single,25008.0,1,0
4427,1995,2n Cycle,Single,83257.0,0,0
11148,1975,Graduation,Together,22280.0,1,0
1168,1978,PhD,Married,72159.0,0,0
9595,1961,Graduation,Together,64260.0,0,0
10163,1984,PhD,Single,82733.0,0,0
2886,1971,Master,Divorced,74290.0,0,1
6710,1951,Master,Single,58217.0,2,1
5316,1976,Master,Together,21024.0,0,0
9029,1972,PhD,Married,70116.0,0,0
521,1985,Graduation,Together,54006.0,1,0
1459,1966,PhD,Married,69063.0,0,1
10241,1975,2n Cycle,Divorced,11448.0,0,0
1630,1979,Graduation,Single,61825.0,0,1
3254,1971,Graduation,Married,70886.0,1,0
9064,1982,Graduation,Married,69109.0,0,0
3678,1973,Graduation,Widow,60208.0,1,1
4227,1968,Master,Together,32889.0,1,1
9467,1984,Graduation,Single,34738.0,1,0
8486,1971,Master,Together,30538.0,1,0
2186,1977,2n Cycle,Together,82326.0,0,0
3286,1967,PhD,Divorced,26642.0,1,0
8602,1964,Graduation,Divorced,69932.0,0,1
3722,1972,Graduation,Single,44503.0,1,1
6715,1948,PhD,Single,60200.0,0,1
4796,1952,Graduation,Divorced,49638.0,0,1
9612,1987,2n Cycle,Single,23830.0,0,0
3766,1959,Master,Widow,33051.0,0,0
1399,1958,Graduation,Married,72905.0,0,0
1570,1951,PhD,Together,69702.0,0,1
3426,1975,Graduation,Divorced,70300.0,1,0
3074,1984,PhD,Married,70643.0,0,0
8341,1969,PhD,Married,30396.0,1,0
5180,1968,PhD,Divorced,50616.0,0,1
6461,1969,Master,Single,62772.0,0,1
7679,1985,PhD,Single,30298.0,0,0
10702,1984,Graduation,Single,52413.0,1,0
7505,1957,PhD,Married,44155.0,1,1
5113,1971,PhD,Divorced,86979.0,0,0
10858,1975,Graduation,Together,76532.0,1,1
2961,1982,Graduation,Married,42081.0,1,0
2747,1988,PhD,Married,67546.0,0,0
3010,1989,Master,Together,88420.0,0,0
5790,1985,Graduation,Married,31158.0,1,0
6892,1968,Graduation,Divorced,61671.0,0,1
1743,1974,Graduation,Single,69719.0,0,0
3578,1949,Graduation,Divorced,49160.0,0,1
8462,1978,Basic,Together,24882.0,1,0
5558,1954,PhD,Single,90933.0,0,0
4619,1945,PhD,Single,113734.0,0,0
8780,1950,PhD,Together,59292.0,0,1
10789,1964,PhD,Married,45759.0,1,1
10779,1983,Graduation,Single,22148.0,0,0
5896,1987,Master,Married,73395.0,0,0
2337,1971,Graduation,Divorced,29819.0,1,0
10951,1968,Graduation,Married,45688.0,0,1
544,1954,Graduation,Married,62820.0,0,0
17,1971,PhD,Married,60491.0,0,1
10680,1986,Graduation,Together,33235.0,1,0
3265,1959,Graduation,Married,35701.0,0,0
5623,1980,Master,Married,31535.0,1,0
5832,1960,2n Cycle,Together,92556.0,0,0
5544,1970,Graduation,Single,67384.0,0,1
6417,1971,Master,Together,80573.0,0,0
5831,1967,Graduation,Married,77870.0,0,1
7101,1963,PhD,Widow,52278.0,0,1
10176,1968,Graduation,Single,57107.0,0,1
2326,1990,Graduation,Married,18929.0,0,0
4385,1981,PhD,Single,36038.0,1,0
2929,1976,Graduation,Single,20180.0,0,0
10686,1965,PhD,Together,34230.0,1,1
2546,1977,2n Cycle,Single,31878.0,0,1
3283,1972,2n Cycle,Married,70932.0,0,1
3138,1956,Graduation,Single,91249.0,0,0
4994,1943,Master,Single,77598.0,0,0
7966,1959,Graduation,Single,80982.0,1,1
3112,1977,Master,Married,22701.0,1,0
10872,1969,PhD,Married,55212.0,0,1
2181,1970,Graduation,Married,70617.0,0,0
1867,1957,Graduation,Single,64849.0,0,0
1518,1965,Master,Married,62694.0,1,1
5734,1974,PhD,Married,61917.0,1,1
2878,1947,PhD,Married,67472.0,0,1
1458,1982,Master,Married,21059.0,1,0
7007,1968,Master,Married,29543.0,2,0
6200,1951,Graduation,Married,75903.0,0,1
1403,1975,2n Cycle,Together,34984.0,1,1
4827,1956,PhD,Single,54998.0,0,1
6250,1949,PhD,Widow,54356.0,0,1
9291,1959,Master,Married,34242.0,0,1
2478,1973,Graduation,Married,25410.0,1,0
1139,1984,PhD,Married,73356.0,0,0
5138,1950,Graduation,Together,28320.0,0,1
5393,1977,Graduation,Single,23763.0,1,0
10413,1984,Graduation,Married,72570.0,0,0
5015,1976,Master,Married,34529.0,1,0
10868,1951,Graduation,Widow,70792.0,0,0
10676,1982,Graduation,Married,63211.0,0,0
2495,1974,Master,Married,83891.0,0,1
7842,1968,Graduation,Single,36065.0,1,1
9955,1954,Graduation,Together,39898.0,0,1
6663,1940,PhD,Single,51141.0,0,0
2162,1976,Graduation,Married,56939.0,0,1
3434,1951,Graduation,Single,80872.0,0,0
7919,1976,PhD,Together,72335.0,0,0
5626,1964,PhD,Single,61798.0,0,0
6428,1950,PhD,Widow,76842.0,0,0
8514,1976,Graduation,Together,29478.0,1,0
10448,1956,Graduation,Single,46998.0,0,1
2109,1990,Graduation,Single,96843.0,0,0
7530,1950,PhD,Widow,56551.0,1,1
8925,1965,Master,Married,70053.0,0,1
3009,1962,PhD,Widow,71670.0,0,0
6355,1978,Graduation,Married,44359.0,1,1
3517,1952,Graduation,Single,40887.0,1,1
1158,1966,Graduation,Divorced,48877.0,0,1
6203,1947,Graduation,Together,74485.0,0,0
7165,1972,Graduation,Together,64474.0,0,1
3595,1963,Graduation,Together,77226.0,0,1
8537,1949,Graduation,Widow,72643.0,0,0
4331,1978,Master,Together,85738.0,0,0
6281,1966,Graduation,Divorced,55686.0,0,1
4338,1983,Graduation,Single,39062.0,1,0
2452,1971,Graduation,Together,34600.0,1,1
9507,1975,Graduation,Married,40794.0,0,1
8360,1971,2n Cycle,Married,54690.0,1,1
10311,1969,Graduation,Married,4428.0,0,1
5117,1963,2n Cycle,Married,32632.0,0,0
4867,1968,PhD,Single,38236.0,1,1
9289,1979,Graduation,Married,36781.0,1,0
10913,1984,Master,Single,31385.0,1,0
3032,1984,Graduation,Married,24570.0,1,0
8524,1974,PhD,Divorced,25509.0,1,0
3334,1951,Graduation,Married,94642.0,0,0
4470,1962,Master,Married,58646.0,0,1
1406,1975,Graduation,Single,53201.0,1,1
8619,1957,Graduation,Together,21994.0,0,1
10821,1978,Graduation,Married,57113.0,1,1
4552,1991,Graduation,Married,51373.0,0,0
898,1986,Graduation,Married,23477.0,1,0
9797,1956,Graduation,Married,58116.0,0,1
10949,1963,PhD,Divorced,72968.0,0,0
8212,1971,Master,Married,39791.0,0,1
6248,1947,Master,Single,91712.0,0,0
10164,1958,Graduation,Single,94472.0,0,1
4547,1960,Graduation,Together,13672.0,1,1
6815,1980,2n Cycle,Married,96547.0,0,0
4122,1975,Graduation,Married,79205.0,0,0
10841,1975,PhD,Together,56559.0,0,1
5370,1973,PhD,Married,32644.0,1,0
176,1980,2n Cycle,Single,67506.0,0,1
4860,1970,Graduation,Single,24206.0,1,0
10757,1967,PhD,Divorced,28420.0,1,0
4023,1970,Graduation,Married,22979.0,1,0
6679,1966,Graduation,Single,33279.0,0,0
9923,1972,Master,Single,46423.0,1,1
7181,1977,Graduation,Married,30368.0,0,1
3599,1970,Graduation,Married,63684.0,0,1
405,1964,Graduation,Divorced,41638.0,0,1
6870,1959,PhD,Divorced,68805.0,0,1
832,1966,PhD,Together,65814.0,0,1
2002,1958,Graduation,Divorced,71964.0,0,0
3657,1986,Graduation,Single,39146.0,1,0
500,1977,Graduation,Together,96876.0,0,0
1951,1981,Basic,Married,34445.0,0,0
3262,1958,Graduation,Single,68281.0,0,0
4102,1975,2n Cycle,Married,37284.0,1,1
7042,1983,Graduation,Married,36790.0,0,0
10598,1967,Graduation,Together,27943.0,1,1
255,1951,Graduation,Divorced,22263.0,1,1
2375,1972,Graduation,Together,30261.0,1,2
9829,1978,Graduation,Together,28587.0,1,0
6214,1982,Master,Married,43815.0,1,0
4954,1956,Graduation,Married,48195.0,1,1
7861,1952,Master,Married,77027.0,0,1
4837,1965,PhD,Married,71322.0,0,1
9423,1979,Master,Married,32765.0,1,0
4198,1965,Graduation,Together,29672.0,1,1
153,1953,Graduation,Divorced,23272.0,0,0
9323,1949,Master,Together,49912.0,0,1
10001,1985,2n Cycle,Together,7500.0,1,0
3945,1947,PhD,Widow,68117.0,0,1
3799,1955,Graduation,Married,67225.0,0,1
8625,1976,Graduation,Married,17649.0,1,0
3491,1975,Graduation,Together,55914.0,0,1
983,1984,Graduation,Married,40059.0,1,0
9119,1950,Graduation,Together,60905.0,0,1
4786,1977,Graduation,Married,75330.0,1,1
5872,1951,Graduation,Single,60689.0,0,1
6568,1984,Graduation,Married,38680.0,1,0
5628,1982,Graduation,Together,61416.0,0,0
5631,1991,Graduation,Single,49767.0,0,0
4974,1970,Graduation,Single,83273.0,1,2
8416,1981,Graduation,Married,29009.0,1,0
5454,1979,Master,Married,45057.0,1,0
4095,1971,Graduation,Married,37150.0,1,0
5474,1970,Graduation,Single,43020.0,1,0
4268,1959,Graduation,Married,53154.0,0,1
10701,1973,Graduation,Married,65308.0,0,0
3507,1970,Graduation,Single,76467.0,1,0
2079,1947,2n Cycle,Married,81044.0,0,0
626,1951,Graduation,Married,32871.0,1,1
4426,1975,Graduation,Single,55801.0,1,1
2591,1959,Graduation,Widow,76320.0,0,1
10509,1955,Master,Single,36927.0,1,1
6382,1953,Graduation,Together,48794.0,1,1
6673,1965,Graduation,Single,23478.0,0,0
7441,1973,Graduation,Divorced,71128.0,1,0
1071,1976,PhD,Divorced,70179.0,0,1
10061,1950,Graduation,Married,59462.0,0,1
7187,1969,Master,Together,,1,1
8775,1969,Graduation,Together,38361.0,1,0
1612,1981,PhD,Single,,1,0
2345,1982,PhD,Together,70038.0,0,0
322,1978,Graduation,Together,42554.0,1,1
10897,1974,Graduation,Married,67445.0,0,1
123,1951,Graduation,Widow,67046.0,0,1
6103,1948,Graduation,Married,42192.0,0,0
7899,1952,PhD,Married,77610.0,0,1
10500,1984,Graduation,Married,31761.0,1,0
1655,1979,Graduation,Together,34350.0,1,0
2406,1949,Graduation,Together,54591.0,0,1
2712,1956,Graduation,Married,71866.0,0,1
5517,1969,Graduation,Married,25293.0,1,0
10643,1987,PhD,Single,42000.0,0,0
2254,1983,Graduation,Married,69520.0,0,0
10281,1970,Graduation,Divorced,64713.0,1,0
6958,1977,Master,Married,27889.0,1,0
954,1960,Basic,Widow,22123.0,0,0
5079,1971,Graduation,Married,,1,1
10339,1954,Master,Together,,0,1
4643,1973,Graduation,Married,27803.0,1,0
3117,1955,Graduation,Single,,0,1
6497,1960,Graduation,Married,51651.0,0,1
5396,1988,Graduation,Married,68487.0,0,0
5250,1943,Master,Widow,,0,0
1052,1969,Graduation,Married,56796.0,0,1
2802,1992,2n Cycle,Married,87000.0,0,0
6343,1959,Graduation,Married,79823.0,0,1
6507,1980,Graduation,Single,30828.0,1,0
7901,1971,Master,Married,34109.0,0,1
4865,1974,Master,Divorced,53367.0,1,1
2686,1969,Basic,Together,22390.0,0,0
3107,1976,Graduation,Together,71322.0,0,1
7734,1993,Graduation,Absurd,79244.0,0,0
1146,1949,Master,Together,49912.0,0,1
11031,1950,PhD,Married,48699.0,1,1
7428,1975,Graduation,Together,80144.0,0,0
975,1956,Graduation,Single,54252.0,1,1
1103,1976,Master,Married,81929.0,1,0
3422,1975,Graduation,Married,76068.0,0,1
1055,1976,Master,Married,53204.0,1,1
6544,1949,PhD,Together,67911.0,0,1
1241,1984,2n Cycle,Married,14796.0,1,0
2909,1974,PhD,Married,78128.0,0,1
5802,1972,Basic,Married,14188.0,0,0
1407,1986,Basic,Married,20425.0,1,0
6183,1962,Master,Married,58646.0,0,1
340,1970,Graduation,Divorced,72967.0,0,1
5991,1949,Master,Married,48150.0,0,1
3104,1961,Graduation,Single,82332.0,0,0
9729,1955,Graduation,Widow,58275.0,1,1
1008,1981,PhD,Together,44953.0,0,0
11091,1953,Graduation,Together,34587.0,1,1
3969,1974,Master,Together,43018.0,0,1
1916,1954,Master,Married,45736.0,0,1
9907,1969,Master,Together,66476.0,0,1
87,1981,2n Cycle,Married,27733.0,1,0
8659,1952,PhD,Together,69805.0,0,1
6262,1962,Master,Single,72217.0,0,0
6147,1971,Graduation,Divorced,25818.0,1,0
8832,1976,Master,Together,37509.0,1,0
10067,1976,2n Cycle,Together,25176.0,1,1
7532,1980,Graduation,Married,43586.0,0,1
4915,1956,2n Cycle,Married,53230.0,0,1
2115,1957,Graduation,Together,50116.0,1,1
2088,1972,Graduation,Together,84906.0,0,0
2493,1966,Graduation,Married,61286.0,0,1
6292,1986,PhD,Married,82333.0,0,0
1631,1965,PhD,Together,65220.0,0,0
10104,1974,Graduation,Together,33590.0,2,1
3006,1976,Graduation,Divorced,30992.0,1,0
3919,1976,Master,Single,72309.0,0,0
11181,1949,PhD,Married,156924.0,0,0
642,1980,Basic,Married,16005.0,1,0
4369,1957,Master,Absurd,65487.0,0,0
10127,1965,Graduation,Married,58692.0,0,1
271,1969,Graduation,Widow,40590.0,1,1
4973,1970,Graduation,Single,20587.0,1,0
2948,1954,Master,Divorced,62637.0,0,1
2715,1966,Master,Divorced,29435.0,1,1
10432,1974,Graduation,Divorced,19346.0,1,0
9216,1971,Graduation,Married,35788.0,1,1
7124,1968,Graduation,Divorced,36997.0,1,1
9727,1957,Graduation,Married,23539.0,0,0
5136,1973,Graduation,Single,65333.0,0,1
9790,1957,Graduation,Single,78499.0,0,0
1818,1971,PhD,Together,29732.0,1,0
1100,1960,Master,Together,41275.0,1,2
7873,1973,PhD,Together,63516.0,1,1
10609,1962,PhD,Married,42769.0,0,1
6950,1958,Master,Married,49572.0,1,1
7233,1972,Graduation,Married,69209.0,0,0
9481,1976,Graduation,Married,17148.0,1,0
7699,1969,Graduation,Widow,40590.0,1,1
2711,1976,Master,Together,30560.0,1,0
8933,1983,2n Cycle,Married,32146.0,1,0
8726,1964,2n Cycle,Divorced,41713.0,1,1
1515,1975,Master,Together,34176.0,0,1
5186,1955,PhD,Married,58482.0,0,1
10157,1965,Graduation,Single,59686.0,0,1
5667,1964,PhD,Married,60896.0,0,1
902,1980,Graduation,Together,62994.0,1,0
977,1957,Graduation,Together,47320.0,0,1
7313,1949,2n Cycle,Widow,74859.0,0,0
7600,1992,Basic,Single,15253.0,1,0
9706,1974,PhD,Single,31560.0,1,0
2429,1954,Graduation,Divorced,72071.0,0,1
3520,1990,Master,Single,91172.0,0,0
10394,1984,Graduation,Married,90000.0,0,0
4548,1981,Graduation,Single,41967.0,1,1
9362,1965,Graduation,Single,69263.0,0,1
3968,1970,2n Cycle,Divorced,65706.0,0,0
4084,1975,Graduation,Together,60934.0,0,1
6721,1951,Graduation,Married,71965.0,0,1
2829,1955,Graduation,Married,65210.0,0,1
1772,1975,PhD,Married,79174.0,0,0
1544,1967,Master,Divorced,81380.0,0,0
492,1973,PhD,YOLO,48432.0,0,1
4377,1971,Graduation,Married,52914.0,0,1
4541,1955,Graduation,Together,38946.0,0,1
1321,1974,Graduation,Married,26067.0,1,0
8858,1972,PhD,Married,44325.0,0,1
3266,1964,Graduation,Married,42523.0,0,0
11187,1978,Basic,Single,26487.0,1,0
8207,1957,2n Cycle,Married,53233.0,0,1
9723,1960,Graduation,Married,67716.0,0,1
2666,1972,Master,Married,76234.0,0,1
5721,1956,PhD,Married,84117.0,0,0
10652,1957,Master,Together,65487.0,0,0
1646,1972,Basic,Married,25224.0,1,0
4418,1983,Master,Single,89616.0,0,0
2656,1971,Graduation,Divorced,40851.0,1,1
7990,1947,Graduation,Married,27469.0,0,0
8722,1957,2n Cycle,Married,82347.0,0,0
7118,1957,Graduation,Married,73803.0,0,1
2980,1952,Master,Single,8820.0,1,1
1839,1974,Graduation,Single,43322.0,0,0
10722,1973,Graduation,Together,55593.0,0,1
2632,1954,Graduation,Married,50501.0,1,1
9014,1975,Graduation,Married,37085.0,1,1
7620,1990,Basic,Single,16185.0,1,0
10968,1969,Graduation,Single,57731.0,0,1
11133,1973,PhD,YOLO,48432.0,0,1
2736,1978,Graduation,Married,73807.0,0,1
1876,1990,Graduation,Married,18929.0,0,0
5959,1968,Graduation,Single,35893.0,1,1
1092,1980,Graduation,Married,61014.0,0,1
4333,1954,Graduation,Together,32144.0,1,1
3850,1963,Basic,Together,14918.0,0,1
6168,1963,Graduation,Divorced,45146.0,1,1
607,1955,2n Cycle,Divorced,41769.0,0,1
10469,1981,Graduation,Together,88325.0,0,0
6983,1950,Master,Divorced,38054.0,1,1
3661,1995,2n Cycle,Single,80617.0,0,0
9303,1976,Graduation,Married,5305.0,0,1
692,1954,Graduation,Together,36807.0,1,1
736,1983,Graduation,Together,28427.0,1,0
9589,1948,PhD,Widow,82032.0,0,0
4838,1978,Graduation,Together,22775.0,1,0
9246,1985,Master,Together,40101.0,1,0
6261,1979,Graduation,Married,58025.0,0,1
7366,1982,Master,Single,75777.0,0,0
10659,1979,2n Cycle,Together,7500.0,1,0
1448,1963,Master,Married,33562.0,1,2
4286,1970,PhD,Single,57642.0,0,1
4749,1968,Graduation,Together,58554.0,1,1
4478,1979,Graduation,Married,63777.0,1,1
4201,1962,Graduation,Single,57967.0,0,1
8720,1978,2n Cycle,Together,,0,0
10084,1972,Graduation,Married,24434.0,2,0
7004,1984,Graduation,Single,11012.0,1,0
9817,1970,Master,Single,44802.0,0,0
8080,1986,Graduation,Single,26816.0,0,0
9432,1977,Graduation,Together,666666.0,1,0
8372,1974,Graduation,Married,34421.0,1,0
10870,1967,Graduation,Married,61223.0,0,1
4001,1946,PhD,Together,64014.0,2,1
7270,1981,Graduation,Divorced,56981.0,0,0
8235,1956,Master,Together,69245.0,0,1
9405,1954,PhD,Married,52869.0,1,1
